ประทับเวลา	ภาคส่วนการทำงานของท่านคืออะไร? 	อายุ	เพศ	ปัจจุบันคุณอาศัยอยู่ในลักษณะใด?	รายได้ของครอบครัวต่อเดือน	ลองนึกภาพบันไดนี้แทนระดับฐานะทางสังคมของคุณ ได้แก่ การศึกษา การเงิน และมีงานที่ได้รับการเคารพนับถือ ขั้นบนสุดคือดีที่สุด ขั้นล่างสุดคือแย่ที่สุด  คุณคิดว่าตัวเองอยู่ตรงไหนบนบันไดนี้?	โดยเฉลี่ยแล้ว คุณใช้เวลาบนแพลตฟอร์มโซเชียลมีเดีย (Facebook, Instagram, TikTok, X ฯลฯ) กี่ชั่วโมงต่อวัน?	คุณทำสิ่งต่อไปนี้บนโซเชียลมีเดียบ่อยแค่ไหน? [ดูฟีดของเหล่าอินฟลูเอนเซอร์หรือคนที่ดูเหมือนจะร่ำรวยหรือประสบความสำเร็จมากกว่าคุณ]	คุณทำสิ่งต่อไปนี้บนโซเชียลมีเดียบ่อยแค่ไหน? [ชมภาพถ่ายหรือวิดีโอเกี่ยวกับการท่องเที่ยวสุดหรู สินค้าราคาแพง หรือวิถีชีวิตในอุดมคติ โดยไม่มีปฏิสัมพันธ์ (เช่น การกดไลค์/แสดงความคิดเห็น)]	คุณทำสิ่งต่อไปนี้บนโซเชียลมีเดียบ่อยแค่ไหน? [เลื่อนดูข้อความอัปเดตจากเพื่อนหรือคนรู้จักที่ดูเหมือนจะประสบความสำเร็จในชีวิตมากกว่าคุณ]	มีคนสนิทกี่คนที่คุณสามารถพึ่งพาได้หากคุณมีปัญหาใหญ่ในชีวิตส่วนตัว?	ผู้คนให้ความสนใจและห่วงใยในสิ่งที่คุณทำมากน้อยแค่ไหน?	หากต้องการความช่วยเหลือจากเพื่อนบ้าน คุณจะได้รับความช่วยเหลือง่ายแค่ไหน?	คำกล่าวนี้ตรงกับตัวคุณหรือสถานการณ์ของคุณมากน้อยแค่ไหน? [ตอนนี้ฐานะการเงินของฉันค่อนข้างลำบาก]	คำกล่าวนี้ตรงกับตัวคุณหรือสถานการณ์ของคุณมากน้อยแค่ไหน? [จากสถานการณ์ทางการเงินของฉัน ฉันรู้สึกว่าจะไม่มีวันได้สิ่งต่างๆ ที่ฉันต้องการในชีวิต]	คำกล่าวนี้ตรงกับตัวคุณหรือสถานการณ์ของคุณมากน้อยแค่ไหน? [ฉันกังวลว่าเงินที่ฉันมีอยู่ในตอนนี้ หรือเงินที่จะเก็บออมในอนาคตอาจไม่เพียงพอ]	คำกล่าวนี้ตรงกับตัวคุณหรือสถานการณ์ของคุณมากน้อยแค่ไหน? [ฉันสามารถรับมือกับค่าใช้จ่ายทางการเงินก้อนใหญ่ที่ไม่คาดคิดได้]	คำกล่าวนี้ตรงกับชีวิตคุณบ่อยแค่ไหน? [ฉันมีเงินเหลือตอนสิ้นเดือน]	คำกล่าวนี้ตรงกับชีวิตคุณบ่อยแค่ไหน? [ข้อจำกัดทางการเงินส่งผลต่อชีวิตของฉัน]	ในช่วงสองสัปดาห์ที่ผ่านมา คุณรู้สึกแบบนี้บ่อยแค่ไหน... [ฉันรู้สึกร่าเริงและอารมณ์ดี]	ในช่วงสองสัปดาห์ที่ผ่านมา คุณรู้สึกแบบนี้บ่อยแค่ไหน... [ฉันรู้สึกสงบและผ่อนคลาย]	ในช่วงสองสัปดาห์ที่ผ่านมา คุณรู้สึกแบบนี้บ่อยแค่ไหน... [ฉันรู้สึกกระฉับกระเฉงและมีพลัง]	ในช่วงสองสัปดาห์ที่ผ่านมา คุณรู้สึกแบบนี้บ่อยแค่ไหน... [ฉันตื่นขึ้นมาด้วยความรู้สึกสดชื่นและพักผ่อนเต็มที่]	ในช่วงสองสัปดาห์ที่ผ่านมา คุณรู้สึกแบบนี้บ่อยแค่ไหน... [ชีวิตประจำวันของฉันเต็มไปด้วยสิ่งที่ฉันสนใจ]
20/3/2026, 14:55:12	นักเรียน/นักศึกษา																							
20/3/2026, 16:28:47	การศึกษา	18 — 24 ปี	หญิง	อยู่กับครอบครัว / ผู้ปกครอง	น้อยกว่า 10,000 บาท	5	มากกว่า 6 ชั่วโมง	บางครั้ง	น้อย	น้อย	3 — 5 คน	ไม่เเน่ใจ	ง่ายมาก	บ้าง	น้อยมาก	ส่วนใหญ่	ไม่เลย	ไม่เคย	ไม่เคย	ตลอด	บางครั้ง	บางครั้ง	บางครั้ง	น้อยกว่าครึ่งหนึ่งของเวลา
20/3/2026, 17:41:09	การสื่อสารและเทคโนโลยีสารสนเทศ	มากกว่า 45 ปี																						
20/3/2026, 18:12:33	สุขภาพและกิจกรรมทางสังคม	25 — 34 ปี	หญิง	อยู่คนเดียว	80,001 — 150,000 บาท	5	2 — 4 ชั่วโมง	น้อย	บางครั้ง	น้อย	1 — 2 คน	น้อย	เป็นไปได้	บ้าง	บ้าง	บ้าง	น้อยมาก	ตลอด	ตลอด	มากกว่าครึ่งหนึ่งของเวลา	น้อยกว่าครึ่งหนึ่งของเวลา	น้อยกว่าครึ่งหนึ่งของเวลา	น้อยกว่าครึ่งหนึ่งของเวลา	น้อยกว่าครึ่งหนึ่งของเวลา
20/3/2026, 19:05:58	การศึกษา	25 — 34 ปี	หญิง	อยู่คนเดียว	10,000 — 20,000 บาท	4	4 — 6 ชั่วโมง	บางครั้ง	บางครั้ง	บางครั้ง	มากกว่า 5 คน	ไม่เเน่ใจ	ง่าย	บ้าง	บ้าง	บ้าง	บ้าง	ตลอด	ตลอด	บางครั้ง	บางครั้ง	บางครั้ง	บางครั้ง	บางครั้ง
20/3/2026, 19:47:21	การศึกษา	25 — 34 ปี	ชาย	อยู่คนเดียว	20,001 — 30,000 บาท	4	4 — 6 ชั่วโมง	บ่อยครั้ง	บางครั้ง	บางครั้ง	3 — 5 คน	มากที่สุด	เป็นไปได้	ส่วนใหญ่	ไม่เลย	บ้าง	น้อยมาก	ไม่เคย	ตลอด	มากกว่าครึ่งหนึ่งของเวลา	มากกว่าครึ่งหนึ่งของเวลา	มากกว่าครึ่งหนึ่งของเวลา	มากกว่าครึ่งหนึ่งของเวลา	ตลอด
20/3/2026, 20:19:44	ข้าราชการ	มากกว่า 45 ปี																						
20/3/2026, 21:03:37	การศึกษา	25 — 34 ปี	หญิง	อยู่กับครอบครัว / ผู้ปกครอง	20,001 — 30,000 บาท	5	2 — 4 ชั่วโมง	บ่อยครั้ง	บ่อยครั้ง	น้อย	1 — 2 คน	ไม่เเน่ใจ	เป็นไปได้	บ้าง	ไม่เลย	บ้าง	ส่วนใหญ่	ตลอด	ตลอด	บางครั้ง	มากกว่าครึ่งหนึ่งของเวลา	น้อยกว่าครึ่งหนึ่งของเวลา	ไม่เคยเลย	บางครั้ง
20/3/2026, 21:48:15	การศึกษา	25 — 34 ปี	หญิง	อยู่กับครอบครัว / ผู้ปกครอง	10,000 — 20,000 บาท	1	1 — 2 ชั่วโมง	บางครั้ง	บางครั้ง	บางครั้ง	1 — 2 คน	มาก	ง่าย	น้อยมาก	น้อยมาก	บ้าง	น้อยมาก	ตลอด	ไม่เคย	มากกว่าครึ่งหนึ่งของเวลา	น้อยกว่าครึ่งหนึ่งของเวลา	น้อยกว่าครึ่งหนึ่งของเวลา	น้อยกว่าครึ่งหนึ่งของเวลา	น้อยกว่าครึ่งหนึ่งของเวลา
21/3/2026, 0:37:52	รับราชการ	มากกว่า 45 ปี																						
21/3/2026, 7:19:28	การบริหารราชการและรัฐวิสาหกิจ	35 — 44 ปี	หญิง	อยู่กับครอบครัว / ผู้ปกครอง	50,001 — 80,000 บาท	8	มากกว่า 6 ชั่วโมง	น้อย	น้อย	น้อย	3 — 5 คน	มาก	ง่ายมาก	บ้าง	น้อยมาก	บ้าง	บ้าง	ตลอด	ไม่เคย	มากกว่าครึ่งหนึ่งของเวลา	มากกว่าครึ่งหนึ่งของเวลา	มากกว่าครึ่งหนึ่งของเวลา	มากกว่าครึ่งหนึ่งของเวลา	ส่วนใหญ่ของเวลา
21/3/2026, 8:52:41	บริษัทผลิตยาปัจจุบันและเครื่องสำอาง	35 — 44 ปี	หญิง	อยู่กับครอบครัว / ผู้ปกครอง	30,001 — 50,000 บาท	7	มากกว่า 6 ชั่วโมง	บ่อยครั้ง	บ่อยครั้ง	บ่อยครั้ง	มากกว่า 5 คน	มาก	ง่าย	ไม่เลย	บ้าง	บ้าง	บ้าง	ตลอด	ไม่เคย	มากกว่าครึ่งหนึ่งของเวลา	มากกว่าครึ่งหนึ่งของเวลา	มากกว่าครึ่งหนึ่งของเวลา	มากกว่าครึ่งหนึ่งของเวลา	มากกว่าครึ่งหนึ่งของเวลา
21/3/2026, 10:14:07	สุขภาพและกิจกรรมทางสังคม	มากกว่า 45 ปี																						
21/3/2026, 11:39:55	การศึกษา	25 — 34 ปี	ชาย	อยู่คนเดียว	20,001 — 30,000 บาท	7	4 — 6 ชั่วโมง	บางครั้ง	บางครั้ง	บางครั้ง	มากกว่า 5 คน	มากที่สุด	ง่ายมาก	น้อยมาก	ไม่เลย	บ้าง	ส่วนใหญ่	ตลอด	ไม่เคย	ส่วนใหญ่ของเวลา	ส่วนใหญ่ของเวลา	ส่วนใหญ่ของเวลา	ส่วนใหญ่ของเวลา	ส่วนใหญ่ของเวลา
21/3/2026, 13:22:18	นักเรียน/นักศึกษา																							
21/3/2026, 14:48:33	นักเรียน/นักศึกษา																							
21/3/2026, 15:31:09	พนักงานบริษัท	25 — 34 ปี	หญิง	อยู่คนเดียว	30,001 — 50,000 บาท	6	2 — 4 ชั่วโมง	บางครั้ง	บางครั้ง	น้อย	3 — 5 คน	ไม่เเน่ใจ	เป็นไปได้	น้อยมาก	น้อยมาก	น้อยมาก	ส่วนใหญ่	ตลอด	ตลอด	ส่วนใหญ่ของเวลา	ส่วนใหญ่ของเวลา	มากกว่าครึ่งหนึ่งของเวลา	มากกว่าครึ่งหนึ่งของเวลา	มากกว่าครึ่งหนึ่งของเวลา
21/3/2026, 16:07:44	การเงินและประกันภัย	มากกว่า 45 ปี																						
21/3/2026, 16:56:22	การบริหารราชการและรัฐวิสาหกิจ	มากกว่า 45 ปี																						
21/3/2026, 17:14:52	นักเรียน/นักศึกษา																							
21/3/2026, 17:22:19	สุขภาพและกิจกรรมทางสังคม	25 — 34 ปี	หญิง	อยู่กับครอบครัว / ผู้ปกครอง	มากกว่า 150,000 บาท	8	1 — 2 ชั่วโมง	บ่อยครั้ง	บ่อยมาก	บ่อยครั้ง	3 — 5 คน	มาก	ง่าย	น้อยมาก	น้อยมาก	น้อยมาก	ส่วนใหญ่	ตลอด	ไม่เคย	มากกว่าครึ่งหนึ่งของเวลา	มากกว่าครึ่งหนึ่งของเวลา	มากกว่าครึ่งหนึ่งของเวลา	มากกว่าครึ่งหนึ่งของเวลา	มากกว่าครึ่งหนึ่งของเวลา
21/3/2026, 17:23:38	การค้าส่ง ค้าปลีก และการซ่อมแซม	มากกว่า 45 ปี																						
21/3/2026, 17:36:55	การเกษตรกรรม ป่าไม้ และประมง	18 — 24 ปี	ชาย	อยู่กับครอบครัว / ผู้ปกครอง	น้อยกว่า 10,000 บาท	6	1 — 2 ชั่วโมง	น้อย	น้อย	บางครั้ง	1 — 2 คน	น้อย	เป็นไปได้	น้อยมาก	บ้าง	บ้าง	น้อยมาก	ตลอด	ตลอด	น้อยกว่าครึ่งหนึ่งของเวลา	น้อยกว่าครึ่งหนึ่งของเวลา	น้อยกว่าครึ่งหนึ่งของเวลา	น้อยกว่าครึ่งหนึ่งของเวลา	น้อยกว่าครึ่งหนึ่งของเวลา
21/3/2026, 17:41:58	การค้าส่ง ค้าปลีก และการซ่อมแซม	25 — 34 ปี	ชาย	อยู่กับครอบครัว / ผู้ปกครอง	50,001 — 80,000 บาท	9	1 — 2 ชั่วโมง	น้อย	น้อย	น้อย	1 — 2 คน	น้อย	ยาก	ไม่เลย	ไม่เลย	น้อยมาก	ส่วนใหญ่	ตลอด	ไม่เคย	ส่วนใหญ่ของเวลา	ส่วนใหญ่ของเวลา	ส่วนใหญ่ของเวลา	ส่วนใหญ่ของเวลา	ส่วนใหญ่ของเวลา
21/3/2026, 17:47:47	รับจ้างทั่วไป	18 — 24 ปี	หญิง	อยู่กับครอบครัว / ผู้ปกครอง	30,001 — 50,000 บาท	6	1 — 2 ชั่วโมง	น้อย	น้อย	น้อย	1 — 2 คน	น้อย	ยาก	ไม่เลย	ไม่เลย	น้อยมาก	ตลอดเวลา	ตลอด	ไม่เคย	มากกว่าครึ่งหนึ่งของเวลา	มากกว่าครึ่งหนึ่งของเวลา	มากกว่าครึ่งหนึ่งของเวลา	มากกว่าครึ่งหนึ่งของเวลา	มากกว่าครึ่งหนึ่งของเวลา
21/3/2026, 18:05:33	การสื่อสารและเทคโนโลยีสารสนเทศ	18 — 24 ปี	หญิง	อยู่กับครอบครัว / ผู้ปกครอง	80,001 — 150,000 บาท	8	1 — 2 ชั่วโมง	บ่อยครั้ง	บ่อยมาก	บ่อยมาก	3 — 5 คน	มาก	ง่าย	ไม่เลย	ไม่เลย	ไม่เลย	ตลอดเวลา	ตลอด	ไม่เคย	บางครั้ง	ไม่เคยเลย	บางครั้ง	ไม่เคยเลย	ไม่เคยเลย
21/3/2026, 18:43:09	การค้าส่ง ค้าปลีก และการซ่อมแซม	18 — 24 ปี	หญิง	อยู่คนเดียว	20,001 — 30,000 บาท	4	2 — 4 ชั่วโมง	บ่อยมาก	บ่อยมาก	บ่อยมาก	3 — 5 คน	น้อย	ยาก	ส่วนใหญ่	ส่วนใหญ่	ตลอดเวลา	น้อยมาก	ไม่เคย	ตลอด	น้อยกว่าครึ่งหนึ่งของเวลา	น้อยกว่าครึ่งหนึ่งของเวลา	น้อยกว่าครึ่งหนึ่งของเวลา	น้อยกว่าครึ่งหนึ่งของเวลา	น้อยกว่าครึ่งหนึ่งของเวลา
21/3/2026, 18:52:31	การศึกษา	18 — 24 ปี	หญิง	อยู่คนเดียว	30,001 — 50,000 บาท	4	1 — 2 ชั่วโมง	บ่อยครั้ง	บางครั้ง	น้อย	3 — 5 คน	มาก	เป็นไปได้	ตลอดเวลา	ส่วนใหญ่	ตลอดเวลา	ไม่เลย	ไม่เคย	ตลอด	ส่วนใหญ่ของเวลา	มากกว่าครึ่งหนึ่งของเวลา	มากกว่าครึ่งหนึ่งของเวลา	มากกว่าครึ่งหนึ่งของเวลา	มากกว่าครึ่งหนึ่งของเวลา
21/3/2026, 19:12:41	การขนส่งและคลังสินค้า	35 — 44 ปี	หญิง	อยู่กับเพื่อน / คู่รัก / แชร์ที่พัก	20,001 — 30,000 บาท	5	น้อยกว่า 1 ชั่วโมง	น้อย	น้อย	น้อย	1 — 2 คน	น้อย	ยาก	ส่วนใหญ่	บ้าง	ส่วนใหญ่	น้อยมาก	ไม่เคย	ตลอด	น้อยกว่าครึ่งหนึ่งของเวลา	น้อยกว่าครึ่งหนึ่งของเวลา	น้อยกว่าครึ่งหนึ่งของเวลา	น้อยกว่าครึ่งหนึ่งของเวลา	น้อยกว่าครึ่งหนึ่งของเวลา
21/3/2026, 19:20:54	ที่พักแรมและบริการด้านอาหาร	35 — 44 ปี	หญิง	อยู่คนเดียว	50,001 — 80,000 บาท	8	1 — 2 ชั่วโมง	บ่อยครั้ง	บ่อยมาก	บ่อยครั้ง	1 — 2 คน	น้อย	ยาก	ไม่เลย	ไม่เลย	ไม่เลย	ส่วนใหญ่	ตลอด	ไม่เคย	บางครั้ง	บางครั้ง	บางครั้ง	บางครั้ง	บางครั้ง
21/3/2026, 20:20:55	นักเรียน/นักศึกษา																							
21/3/2026, 20:31:22	ที่พักแรมและบริการด้านอาหาร	25 — 34 ปี	หญิง	อยู่คนเดียว	20,001 — 30,000 บาท	6	1 — 2 ชั่วโมง	น้อย	น้อย	น้อย	1 — 2 คน	น้อย	ยาก	ไม่เลย	ไม่เลย	ไม่เลย	ตลอดเวลา	ตลอด	ไม่เคย	ส่วนใหญ่ของเวลา	ส่วนใหญ่ของเวลา	ส่วนใหญ่ของเวลา	ส่วนใหญ่ของเวลา	ส่วนใหญ่ของเวลา
21/3/2026, 20:33:48	สุขภาพและกิจกรรมทางสังคม	35 — 44 ปี	ชาย	อยู่กับครอบครัว / ผู้ปกครอง	50,001 — 80,000 บาท	7	มากกว่า 6 ชั่วโมง	น้อย	น้อย	น้อย	1 — 2 คน	ไม่เเน่ใจ	เป็นไปได้	น้อยมาก	บ้าง	บ้าง	บ้าง	ตลอด	ไม่เคย	บางครั้ง	บางครั้ง	บางครั้ง	บางครั้ง	บางครั้ง
21/3/2026, 20:42:15	สุขภาพและกิจกรรมทางสังคม	มากกว่า 45 ปี																						
21/3/2026, 20:48:13	นักเรียน/นักศึกษา																							
21/3/2026, 20:52:41	สุขภาพและกิจกรรมทางสังคม	มากกว่า 45 ปี																						
21/3/2026, 20:58:07	สุขภาพและกิจกรรมทางสังคม	25 — 34 ปี	หญิง	อยู่กับเพื่อน / คู่รัก / แชร์ที่พัก	30,001 — 50,000 บาท	7	มากกว่า 6 ชั่วโมง	บ่อยมาก	บางครั้ง	บ่อยครั้ง	3 — 5 คน	มาก	ง่าย	น้อยมาก	บ้าง	บ้าง	ส่วนใหญ่	ตลอด	ไม่เคย	ตลอด	ส่วนใหญ่ของเวลา	ส่วนใหญ่ของเวลา	มากกว่าครึ่งหนึ่งของเวลา	ส่วนใหญ่ของเวลา
21/3/2026, 21:04:52	การศึกษา	25 — 34 ปี	ชาย	อยู่คนเดียว	30,001 — 50,000 บาท	2	1 — 2 ชั่วโมง	ไม่เคย	ไม่เคย	ไม่เคย	3 — 5 คน	มาก	เป็นไปได้	น้อยมาก	บ้าง	ส่วนใหญ่	ส่วนใหญ่	ตลอด	ตลอด	บางครั้ง	น้อยกว่าครึ่งหนึ่งของเวลา	น้อยกว่าครึ่งหนึ่งของเวลา	บางครั้ง	บางครั้ง
21/3/2026, 21:14:27	รับราชการ	มากกว่า 45 ปี																						
21/3/2026, 21:17:44	การสื่อสารและเทคโนโลยีสารสนเทศ	25 — 34 ปี	ชาย	อยู่กับครอบครัว / ผู้ปกครอง	มากกว่า 150,000 บาท	4	2 — 4 ชั่วโมง	บางครั้ง	บางครั้ง	บางครั้ง	1 — 2 คน	ไม่เเน่ใจ	เป็นไปได้	ส่วนใหญ่	บ้าง	ส่วนใหญ่	ส่วนใหญ่	ไม่เคย	ตลอด	น้อยกว่าครึ่งหนึ่งของเวลา	บางครั้ง	บางครั้ง	บางครั้ง	น้อยกว่าครึ่งหนึ่งของเวลา
21/3/2026, 21:24:19	การศึกษา	25 — 34 ปี	ชาย	อยู่คนเดียว	20,001 — 30,000 บาท	6	1 — 2 ชั่วโมง	น้อย	น้อย	น้อย	1 — 2 คน	ไม่เเน่ใจ	ง่าย	น้อยมาก	ไม่เลย	น้อยมาก	บ้าง	ตลอด	ตลอด	มากกว่าครึ่งหนึ่งของเวลา	น้อยกว่าครึ่งหนึ่งของเวลา	มากกว่าครึ่งหนึ่งของเวลา	มากกว่าครึ่งหนึ่งของเวลา	มากกว่าครึ่งหนึ่งของเวลา
21/3/2026, 21:39:51	บัญชี	25 — 34 ปี	หญิง	อยู่กับเพื่อน / คู่รัก / แชร์ที่พัก	10,000 — 20,000 บาท	6	2 — 4 ชั่วโมง	บางครั้ง	บางครั้ง	บางครั้ง	1 — 2 คน	ไม่เเน่ใจ	ง่าย	บ้าง	ไม่เลย	บ้าง	ไม่เลย	ตลอด	ตลอด	มากกว่าครึ่งหนึ่งของเวลา	มากกว่าครึ่งหนึ่งของเวลา	มากกว่าครึ่งหนึ่งของเวลา	มากกว่าครึ่งหนึ่งของเวลา	มากกว่าครึ่งหนึ่งของเวลา
21/3/2026, 21:59:08	ขายของออนไลน์	25 — 34 ปี	หญิง	อยู่กับเพื่อน / คู่รัก / แชร์ที่พัก	10,000 — 20,000 บาท	1	4 — 6 ชั่วโมง	บางครั้ง	บ่อยครั้ง	น้อย	1 — 2 คน	ไม่เเน่ใจ	เป็นไปได้	ส่วนใหญ่	ส่วนใหญ่	ส่วนใหญ่	น้อยมาก	ไม่เคย	ตลอด	บางครั้ง	บางครั้ง	บางครั้ง	บางครั้ง	บางครั้ง
22/3/2026, 8:41:33	การเกษตรกรรม ป่าไม้ และประมง	น้อยกว่า 18 ปี																						
22/3/2026, 9:57:19	การศึกษา	25 — 34 ปี	ชาย	อยู่คนเดียว	10,000 — 20,000 บาท	5	4 — 6 ชั่วโมง	บางครั้ง	บางครั้ง	บ่อยครั้ง	มากกว่า 5 คน	ไม่เเน่ใจ	ง่าย	บ้าง	น้อยมาก	บ้าง	น้อยมาก	ตลอด	ตลอด	ส่วนใหญ่ของเวลา	มากกว่าครึ่งหนึ่งของเวลา	มากกว่าครึ่งหนึ่งของเวลา	มากกว่าครึ่งหนึ่งของเวลา	มากกว่าครึ่งหนึ่งของเวลา
22/3/2026, 11:08:52	การบริหารราชการและรัฐวิสาหกิจ	น้อยกว่า 18 ปี																						
22/3/2026, 12:35:44	นักเรียน/นักศึกษา																							
22/3/2026, 13:48:07	นักเรียน/นักศึกษา																							
22/3/2026, 14:22:29	นักเรียน/นักศึกษา																							
22/3/2026, 15:59:18	นักเรียน/นักศึกษา																							
22/3/2026, 16:45:37	นักเรียน/นักศึกษา																							
22/3/2026, 17:03:52	นักเรียน/นักศึกษา																							
22/3/2026, 17:11:28	นักเรียน/นักศึกษา																							
22/3/2026, 17:18:09	สุขภาพและกิจกรรมทางสังคม	น้อยกว่า 18 ปี																						
22/3/2026, 17:25:41	นักเรียน/นักศึกษา																							
22/3/2026, 17:27:37	นักเรียน/นักศึกษา																							
22/3/2026, 7:29:44	อุตสาหกรรมการผลิตและโรงงาน	น้อยกว่า 18 ปี																						
22/3/2026, 17:33:07	การเงินและประกันภัย	น้อยกว่า 18 ปี																						
22/3/2026, 17:35:14	นักเรียน/นักศึกษา																							
22/3/2026, 18:08:19	นักเรียน/นักศึกษา																							
22/3/2026, 18:21:44	นักเรียน/นักศึกษา																							
22/3/2026, 18:37:03	นักเรียน/นักศึกษา																							
22/3/2026, 19:14:52	นักเรียน/นักศึกษา																							
22/3/2026, 19:49:37	นักเรียน/นักศึกษา																							
22/3/2026, 20:16:09	ที่พักแรมและบริการด้านอาหาร	25 — 34 ปี	ชาย	อยู่คนเดียว	10,000 — 20,000 บาท	2	2 — 4 ชั่วโมง	บ่อยมาก	บ่อยมาก	บางครั้ง	ไม่มี	น้อย	ยาก	ส่วนใหญ่	ส่วนใหญ่	ส่วนใหญ่	ไม่เลย	ไม่เคย	ตลอด	บางครั้ง	บางครั้ง	บางครั้ง	น้อยกว่าครึ่งหนึ่งของเวลา	น้อยกว่าครึ่งหนึ่งของเวลา
22/3/2026, 20:24:55	นักเรียน/นักศึกษา																							
22/3/2026, 20:30:41	การสื่อสารและเทคโนโลยีสารสนเทศ	25 — 34 ปี	ไม่ต้องการระบุ	อยู่กับครอบครัว / ผู้ปกครอง	20,001 — 30,000 บาท	3	4 — 6 ชั่วโมง	บ่อยครั้ง	บ่อยครั้ง	บ่อยครั้ง	ไม่มี	น้อย	ยาก	บ้าง	ส่วนใหญ่	บ้าง	น้อยมาก	ไม่เคย	ตลอด	บางครั้ง	บางครั้ง	บางครั้ง	บางครั้ง	บางครั้ง
22/3/2026, 20:33:08	นักเรียน/นักศึกษา																							
22/3/2026, 20:36:20	นักเรียน/นักศึกษา																							
22/3/2026, 20:45:38	การค้าส่ง ค้าปลีก และการซ่อมแซม	25 — 34 ปี	ชาย	อยู่กับครอบครัว / ผู้ปกครอง	80,001 — 150,000 บาท	9	2 — 4 ชั่วโมง	น้อย	บ่อยครั้ง	บางครั้ง	3 — 5 คน	มาก	เป็นไปได้	บ้าง	น้อยมาก	น้อยมาก	ไม่เลย	ตลอด	ตลอด	มากกว่าครึ่งหนึ่งของเวลา	มากกว่าครึ่งหนึ่งของเวลา	มากกว่าครึ่งหนึ่งของเวลา	มากกว่าครึ่งหนึ่งของเวลา	มากกว่าครึ่งหนึ่งของเวลา
22/3/2026, 20:48:21	นักเรียน/นักศึกษา																							
22/3/2026, 20:59:44	นักเรียน/นักศึกษา																							
22/3/2026, 21:07:19	นักเรียน/นักศึกษา																							
22/3/2026, 21:15:41	การบริหารราชการและรัฐวิสาหกิจ	25 — 34 ปี	หญิง	อยู่กับครอบครัว / ผู้ปกครอง	20,001 — 30,000 บาท	5	2 — 4 ชั่วโมง	บ่อยครั้ง	บ่อยครั้ง	บ่อยครั้ง	1 — 2 คน	มาก	ง่าย	น้อยมาก	บ้าง	ส่วนใหญ่	น้อยมาก	ตลอด	ตลอด	ส่วนใหญ่ของเวลา	ส่วนใหญ่ของเวลา	ส่วนใหญ่ของเวลา	ส่วนใหญ่ของเวลา	ส่วนใหญ่ของเวลา
22/3/2026, 21:22:25	ขายของออนไลน์	25 — 34 ปี	หญิง	อยู่กับเพื่อน / คู่รัก / แชร์ที่พัก	น้อยกว่า 10,000 บาท	5	มากกว่า 6 ชั่วโมง	บางครั้ง	บางครั้ง	บางครั้ง	1 — 2 คน	ไม่เเน่ใจ	เป็นไปได้	ตลอดเวลา	ตลอดเวลา	ตลอดเวลา	น้อยมาก	ไม่เคย	ตลอด	บางครั้ง	บางครั้ง	บางครั้ง	บางครั้ง	บางครั้ง
23/3/2026, 1:12:41	นักเรียน/นักศึกษา																							
23/3/2026, 6:48:09	การสื่อสารและเทคโนโลยีสารสนเทศ	18 — 24 ปี	ชาย	อยู่กับครอบครัว / ผู้ปกครอง	น้อยกว่า 10,000 บาท	2	2 — 4 ชั่วโมง	น้อย	น้อย	บางครั้ง	ไม่มี	น้อย	ยาก	ตลอดเวลา	ส่วนใหญ่	ตลอดเวลา	ไม่เลย	ตลอด	ตลอด	มากกว่าครึ่งหนึ่งของเวลา	มากกว่าครึ่งหนึ่งของเวลา	น้อยกว่าครึ่งหนึ่งของเวลา	บางครั้ง	บางครั้ง
23/3/2026, 8:25:37	ไฟฟ้า	18 — 24 ปี	ชาย	อยู่กับเพื่อน / คู่รัก / แชร์ที่พัก	80,001 — 150,000 บาท	5	1 — 2 ชั่วโมง	บางครั้ง	ไม่เคย	น้อย	1 — 2 คน	น้อย	ยาก	บ้าง	น้อยมาก	บ้าง	ส่วนใหญ่	ไม่เคย	ตลอด	น้อยกว่าครึ่งหนึ่งของเวลา	มากกว่าครึ่งหนึ่งของเวลา	น้อยกว่าครึ่งหนึ่งของเวลา	น้อยกว่าครึ่งหนึ่งของเวลา	มากกว่าครึ่งหนึ่งของเวลา
23/3/2026, 9:51:22	การสื่อสารและเทคโนโลยีสารสนเทศ	18 — 24 ปี	หญิง	อยู่กับครอบครัว / ผู้ปกครอง	10,000 — 20,000 บาท	5	มากกว่า 6 ชั่วโมง	น้อย	บ่อยครั้ง	น้อย	1 — 2 คน	ไม่เเน่ใจ	เป็นไปได้	บ้าง	ไม่เลย	บ้าง	น้อยมาก	ตลอด	ตลอด	บางครั้ง	บางครั้ง	บางครั้ง	ไม่เคยเลย	ไม่เคยเลย
23/3/2026, 10:38:55	การศึกษา	18 — 24 ปี	ไม่ต้องการระบุ	อยู่กับครอบครัว / ผู้ปกครอง	น้อยกว่า 10,000 บาท	5	มากกว่า 6 ชั่วโมง	บ่อยมาก	บ่อยครั้ง	บ่อยครั้ง	3 — 5 คน	มาก	เป็นไปได้	บ้าง	บ้าง	ส่วนใหญ่	ส่วนใหญ่	ตลอด	ตลอด	มากกว่าครึ่งหนึ่งของเวลา	มากกว่าครึ่งหนึ่งของเวลา	มากกว่าครึ่งหนึ่งของเวลา	น้อยกว่าครึ่งหนึ่งของเวลา	มากกว่าครึ่งหนึ่งของเวลา
23/3/2026, 12:17:44	การค้าส่ง ค้าปลีก และการซ่อมแซม	18 — 24 ปี	ชาย	อยู่กับเพื่อน / คู่รัก / แชร์ที่พัก	10,000 — 20,000 บาท	7	4 — 6 ชั่วโมง	บ่อยครั้ง	บางครั้ง	บางครั้ง	1 — 2 คน	ไม่เเน่ใจ	เป็นไปได้	บ้าง	บ้าง	บ้าง	บ้าง	ตลอด	ตลอด	บางครั้ง	บางครั้ง	บางครั้ง	บางครั้ง	บางครั้ง
23/3/2026, 13:55:18	การศึกษา	18 — 24 ปี	หญิง	อยู่กับครอบครัว / ผู้ปกครอง	20,001 — 30,000 บาท	6	4 — 6 ชั่วโมง	บ่อยครั้ง	น้อย	บางครั้ง	1 — 2 คน	ไม่เเน่ใจ	ง่ายมาก	น้อยมาก	ไม่เลย	บ้าง	บ้าง	ไม่เคย	ตลอด	ตลอด	ตลอด	ตลอด	ตลอด	ตลอด
23/3/2026, 15:28:07	ที่พักแรมและบริการด้านอาหาร	18 — 24 ปี	ชาย	อยู่กับครอบครัว / ผู้ปกครอง	น้อยกว่า 10,000 บาท	5	1 — 2 ชั่วโมง	บางครั้ง	น้อย	น้อย	1 — 2 คน	ไม่เเน่ใจ	เป็นไปได้	ส่วนใหญ่	ส่วนใหญ่	บ้าง	บ้าง	ตลอด	ตลอด	น้อยกว่าครึ่งหนึ่งของเวลา	น้อยกว่าครึ่งหนึ่งของเวลา	น้อยกว่าครึ่งหนึ่งของเวลา	บางครั้ง	น้อยกว่าครึ่งหนึ่งของเวลา
23/3/2026, 16:41:33	การศึกษา	18 — 24 ปี	หญิง	อยู่คนเดียว	10,000 — 20,000 บาท	7	1 — 2 ชั่วโมง	ไม่เคย	ไม่เคย	ไม่เคย	มากกว่า 5 คน	มากที่สุด	ง่ายมาก	ไม่เลย	ไม่เลย	ไม่เลย	ส่วนใหญ่	ตลอด	ตลอด	ส่วนใหญ่ของเวลา	ส่วนใหญ่ของเวลา	ตลอด	ส่วนใหญ่ของเวลา	ส่วนใหญ่ของเวลา
23/3/2026, 17:09:52	การบริหารราชการและรัฐวิสาหกิจ	25 — 34 ปี	ชาย	อยู่กับครอบครัว / ผู้ปกครอง	10,000 — 20,000 บาท	6	1 — 2 ชั่วโมง	น้อย	น้อย	บางครั้ง	1 — 2 คน	ไม่เเน่ใจ	ยาก	น้อยมาก	น้อยมาก	บ้าง	ส่วนใหญ่	ไม่เคย	ไม่เคย	ตลอด	ตลอด	ตลอด	ตลอด	ตลอด
23/3/2026, 17:48:19	นักเรียน/นักศึกษา																							
23/3/2026, 18:22:41	ที่พักแรมและบริการด้านอาหาร	18 — 24 ปี	หญิง	อยู่กับเพื่อน / คู่รัก / แชร์ที่พัก	10,000 — 20,000 บาท	6	4 — 6 ชั่วโมง	บางครั้ง	น้อย	บางครั้ง	1 — 2 คน	ไม่เเน่ใจ	เป็นไปได้	บ้าง	บ้าง	บ้าง	บ้าง	ไม่เคย	ตลอด	มากกว่าครึ่งหนึ่งของเวลา	น้อยกว่าครึ่งหนึ่งของเวลา	น้อยกว่าครึ่งหนึ่งของเวลา	น้อยกว่าครึ่งหนึ่งของเวลา	บางครั้ง
23/3/2026, 19:05:37	การเกษตรกรรม ป่าไม้ และประมง	18 — 24 ปี	หญิง	อยู่กับครอบครัว / ผู้ปกครอง	30,001 — 50,000 บาท	6	มากกว่า 6 ชั่วโมง	บางครั้ง	บางครั้ง	น้อย	1 — 2 คน	มาก	ยากมาก	บ้าง	ไม่เลย	บ้าง	บ้าง	ตลอด	ตลอด	น้อยกว่าครึ่งหนึ่งของเวลา	มากกว่าครึ่งหนึ่งของเวลา	น้อยกว่าครึ่งหนึ่งของเวลา	บางครั้ง	บางครั้ง
23/3/2026, 19:57:22	การศึกษา	18 — 24 ปี	หญิง	อยู่กับครอบครัว / ผู้ปกครอง	50,001 — 80,000 บาท	6	2 — 4 ชั่วโมง	ไม่เคย	บางครั้ง	ไม่เคย	ไม่มี	ไม่เเน่ใจ	ยากมาก	น้อยมาก	ไม่เลย	บ้าง	น้อยมาก	ตลอด	ตลอด	บางครั้ง	บางครั้ง	บางครั้ง	ไม่เคยเลย	บางครั้ง
23/3/2026, 20:44:09	การบริหารราชการและรัฐวิสาหกิจ	35 — 44 ปี	ชาย	อยู่กับครอบครัว / ผู้ปกครอง	30,001 — 50,000 บาท	7	2 — 4 ชั่วโมง	น้อย	บางครั้ง	บางครั้ง	3 — 5 คน	ไม่เเน่ใจ	เป็นไปได้	บ้าง	บ้าง	บ้าง	บ้าง	ไม่เคย	ตลอด	บางครั้ง	บางครั้ง	ไม่เคยเลย	บางครั้ง	บางครั้ง
23/3/2026, 21:31:55	การศึกษา	18 — 24 ปี	หญิง	อยู่คนเดียว	10,000 — 20,000 บาท	5	4 — 6 ชั่วโมง	บ่อยครั้ง	บ่อยครั้ง	บ่อยครั้ง	1 — 2 คน	ไม่เเน่ใจ	เป็นไปได้	ส่วนใหญ่	ไม่เลย	บ้าง	บ้าง	ไม่เคย	ตลอด	น้อยกว่าครึ่งหนึ่งของเวลา	บางครั้ง	บางครั้ง	ไม่เคยเลย	น้อยกว่าครึ่งหนึ่งของเวลา
25/3/2026, 9:14:28	สุขภาพและกิจกรรมทางสังคม	25 — 34 ปี	ไม่ต้องการระบุ	อยู่กับครอบครัว / ผู้ปกครอง	น้อยกว่า 10,000 บาท	3	2 — 4 ชั่วโมง	บางครั้ง	บางครั้ง	บางครั้ง	ไม่มี	น้อย	ยาก	ตลอดเวลา	บ้าง	ตลอดเวลา	ตลอดเวลา	ไม่เคย	ตลอด	บางครั้ง	บางครั้ง	บางครั้ง	บางครั้ง	บางครั้ง
25/3/2026, 10:59:07	การศึกษา	35 — 44 ปี	หญิง	อยู่กับครอบครัว / ผู้ปกครอง	80,001 — 150,000 บาท	9	มากกว่า 6 ชั่วโมง	น้อย	ไม่เคย	น้อย	3 — 5 คน	ไม่เเน่ใจ	ง่าย	น้อยมาก	น้อยมาก	ไม่เลย	ตลอดเวลา	ตลอด	ไม่เคย	ส่วนใหญ่ของเวลา	มากกว่าครึ่งหนึ่งของเวลา	มากกว่าครึ่งหนึ่งของเวลา	ส่วนใหญ่ของเวลา	มากกว่าครึ่งหนึ่งของเวลา
25/3/2026, 12:42:41	สุขภาพและกิจกรรมทางสังคม	35 — 44 ปี	หญิง	อยู่กับเพื่อน / คู่รัก / แชร์ที่พัก	30,001 — 50,000 บาท	6	4 — 6 ชั่วโมง	บางครั้ง	บางครั้ง	บางครั้ง	3 — 5 คน	ไม่เเน่ใจ	ง่าย	น้อยมาก	น้อยมาก	ส่วนใหญ่	บ้าง	ไม่เคย	ไม่เคย	บางครั้ง	บางครั้ง	มากกว่าครึ่งหนึ่งของเวลา	บางครั้ง	มากกว่าครึ่งหนึ่งของเวลา
25/3/2026, 14:08:19	การบริหารราชการและรัฐวิสาหกิจ	25 — 34 ปี	หญิง	อยู่กับครอบครัว / ผู้ปกครอง	30,001 — 50,000 บาท	5	4 — 6 ชั่วโมง	น้อย	บางครั้ง	บางครั้ง	มากกว่า 5 คน	มาก	ง่ายมาก	น้อยมาก	ไม่เลย	บ้าง	ไม่เลย	ไม่เคย	ตลอด	ส่วนใหญ่ของเวลา	บางครั้ง	บางครั้ง	บางครั้ง	บางครั้ง
25/3/2026, 15:33:52	การบริหารราชการและรัฐวิสาหกิจ	25 — 34 ปี	ชาย	อยู่กับครอบครัว / ผู้ปกครอง	30,001 — 50,000 บาท	6	มากกว่า 6 ชั่วโมง	บางครั้ง	บ่อยครั้ง	น้อย	มากกว่า 5 คน	ไม่เเน่ใจ	เป็นไปได้	ไม่เลย	น้อยมาก	ไม่เลย	ส่วนใหญ่	ตลอด	ไม่เคย	มากกว่าครึ่งหนึ่งของเวลา	มากกว่าครึ่งหนึ่งของเวลา	น้อยกว่าครึ่งหนึ่งของเวลา	น้อยกว่าครึ่งหนึ่งของเวลา	น้อยกว่าครึ่งหนึ่งของเวลา
25/3/2026, 16:47:44	รพ.สต.	25 — 34 ปี	หญิง	อยู่กับครอบครัว / ผู้ปกครอง	30,001 — 50,000 บาท	5	2 — 4 ชั่วโมง	บางครั้ง	บางครั้ง	บางครั้ง	1 — 2 คน	ไม่เเน่ใจ	ง่าย	น้อยมาก	น้อยมาก	บ้าง	บ้าง	ไม่เคย	ไม่เคย	น้อยกว่าครึ่งหนึ่งของเวลา	บางครั้ง	บางครั้ง	บางครั้ง	น้อยกว่าครึ่งหนึ่งของเวลา
25/3/2026, 17:05:09	สุขภาพและกิจกรรมทางสังคม	18 — 24 ปี	ชาย	อยู่กับครอบครัว / ผู้ปกครอง	น้อยกว่า 10,000 บาท	3	มากกว่า 6 ชั่วโมง	บางครั้ง	น้อย	น้อย	1 — 2 คน	ไม่เเน่ใจ	เป็นไปได้	น้อยมาก	น้อยมาก	น้อยมาก	ส่วนใหญ่	ตลอด	ไม่เคย	มากกว่าครึ่งหนึ่งของเวลา	มากกว่าครึ่งหนึ่งของเวลา	น้อยกว่าครึ่งหนึ่งของเวลา	น้อยกว่าครึ่งหนึ่งของเวลา	มากกว่าครึ่งหนึ่งของเวลา
25/3/2026, 17:12:37	สุขภาพและกิจกรรมทางสังคม	18 — 24 ปี	หญิง	อยู่กับครอบครัว / ผู้ปกครอง	10,000 — 20,000 บาท	8	2 — 4 ชั่วโมง	น้อย	บางครั้ง	บ่อยครั้ง	1 — 2 คน	ไม่เเน่ใจ	ง่ายมาก	น้อยมาก	น้อยมาก	ส่วนใหญ่	บ้าง	ตลอด	ไม่เคย	ส่วนใหญ่ของเวลา	ส่วนใหญ่ของเวลา	ส่วนใหญ่ของเวลา	ส่วนใหญ่ของเวลา	ส่วนใหญ่ของเวลา
25/3/2026, 17:20:36	ลูกจ้างของรัฐ	25 — 34 ปี	หญิง	อยู่คนเดียว	10,000 — 20,000 บาท	6	2 — 4 ชั่วโมง	บางครั้ง	บางครั้ง	บางครั้ง	1 — 2 คน	ไม่เเน่ใจ	เป็นไปได้	บ้าง	น้อยมาก	บ้าง	บ้าง	ตลอด	ตลอด	ส่วนใหญ่ของเวลา	ส่วนใหญ่ของเวลา	มากกว่าครึ่งหนึ่งของเวลา	บางครั้ง	ตลอด
25/3/2026, 17:23:48	การสื่อสารและเทคโนโลยีสารสนเทศ	มากกว่า 45 ปี																						
25/3/2026, 17:30:01	การบริหารราชการและรัฐวิสาหกิจ	35 — 44 ปี	ชาย	อยู่กับครอบครัว / ผู้ปกครอง	50,001 — 80,000 บาท	8	1 — 2 ชั่วโมง	น้อย	น้อย	น้อย	1 — 2 คน	น้อย	เป็นไปได้	ไม่เลย	ไม่เลย	น้อยมาก	ส่วนใหญ่	ตลอด	ไม่เคย	มากกว่าครึ่งหนึ่งของเวลา	มากกว่าครึ่งหนึ่งของเวลา	มากกว่าครึ่งหนึ่งของเวลา	มากกว่าครึ่งหนึ่งของเวลา	มากกว่าครึ่งหนึ่งของเวลา
25/3/2026, 17:41:48	สุขภาพและกิจกรรมทางสังคม	18 — 24 ปี	ชาย	อยู่คนเดียว	30,001 — 50,000 บาท	4	1 — 2 ชั่วโมง	บ่อยครั้ง	บางครั้ง	น้อย	3 — 5 คน	น้อย	ยาก	ตลอดเวลา	ส่วนใหญ่	ส่วนใหญ่	น้อยมาก	ไม่เคย	ตลอด	บางครั้ง	น้อยกว่าครึ่งหนึ่งของเวลา	บางครั้ง	บางครั้ง	บางครั้ง
25/3/2026, 17:45:40	การค้าส่ง ค้าปลีก และการซ่อมแซม	มากกว่า 45 ปี																						
25/3/2026, 17:54:53	การสื่อสารและเทคโนโลยีสารสนเทศ	18 — 24 ปี	หญิง	บ้านเช่า	80,001 — 150,000 บาท	10	1 — 2 ชั่วโมง	น้อย	น้อย	น้อย	1 — 2 คน	น้อย	ยาก	ไม่เลย	ไม่เลย	ไม่เลย	ตลอดเวลา	ตลอด	ไม่เคย	ตลอด	ตลอด	ตลอด	ตลอด	ตลอด
25/3/2026, 18:03:38	การสื่อสารและเทคโนโลยีสารสนเทศ	18 — 24 ปี	หญิง	อยู่กับครอบครัว / ผู้ปกครอง	50,001 — 80,000 บาท	9	2 — 4 ชั่วโมง	บ่อยครั้ง	บ่อยมาก	บ่อยครั้ง	1 — 2 คน	น้อย	ยาก	ไม่เลย	ไม่เลย	ไม่เลย	ตลอดเวลา	ตลอด	ไม่เคย	ไม่เคยเลย	ไม่เคยเลย	บางครั้ง	บางครั้ง	บางครั้ง
25/3/2026, 18:17:49	การค้าส่ง ค้าปลีก และการซ่อมแซม	35 — 44 ปี	หญิง	อยู่กับครอบครัว / ผู้ปกครอง	20,001 — 30,000 บาท	4	1 — 2 ชั่วโมง	น้อย	น้อย	น้อย	1 — 2 คน	น้อย	ยาก	ส่วนใหญ่	บ้าง	ส่วนใหญ่	ไม่เลย	ไม่เคย	ตลอด	ส่วนใหญ่ของเวลา	ส่วนใหญ่ของเวลา	ส่วนใหญ่ของเวลา	ส่วนใหญ่ของเวลา	ส่วนใหญ่ของเวลา
25/3/2026, 18:30:43	สุขภาพและกิจกรรมทางสังคม	25 — 34 ปี	หญิง	อยู่กับครอบครัว / ผู้ปกครอง	มากกว่า 150,000 บาท	8	1 — 2 ชั่วโมง	บ่อยครั้ง	บ่อยมาก	บ่อยครั้ง	3 — 5 คน	มาก	ง่าย	น้อยมาก	น้อยมาก	น้อยมาก	ส่วนใหญ่	ตลอด	ไม่เคย	มากกว่าครึ่งหนึ่งของเวลา	มากกว่าครึ่งหนึ่งของเวลา	มากกว่าครึ่งหนึ่งของเวลา	มากกว่าครึ่งหนึ่งของเวลา	มากกว่าครึ่งหนึ่งของเวลา
25/3/2026, 18:39:24	อุตสาหกรรมการผลิตและโรงงาน	18 — 24 ปี	ชาย	อยู่กับครอบครัว / ผู้ปกครอง	50,001 — 80,000 บาท	8	2 — 4 ชั่วโมง	บ่อยครั้ง	บ่อยมาก	บ่อยมาก	1 — 2 คน	น้อย	ยาก	ไม่เลย	ไม่เลย	น้อยมาก	ตลอดเวลา	ตลอด	ไม่เคย	บางครั้ง	บางครั้ง	บางครั้ง	บางครั้ง	บางครั้ง
25/3/2026, 18:37:44	การศึกษา	25 — 34 ปี	ชาย	อยู่คนเดียว	30,001 — 50,000 บาท	6	1 — 2 ชั่วโมง	บ่อยครั้ง	บ่อยมาก	บ่อยครั้ง	1 — 2 คน	น้อย	ยาก	ไม่เลย	ไม่เลย	ไม่เลย	ส่วนใหญ่	ตลอด	ไม่เคย	น้อยกว่าครึ่งหนึ่งของเวลา	บางครั้ง	น้อยกว่าครึ่งหนึ่งของเวลา	น้อยกว่าครึ่งหนึ่งของเวลา	น้อยกว่าครึ่งหนึ่งของเวลา
25/3/2026, 18:47:34	อุตสาหกรรมการผลิตและโรงงาน	35 — 44 ปี	ชาย	พักในที่ทำงาน	น้อยกว่า 10,000 บาท	4	1 — 2 ชั่วโมง	บางครั้ง	บางครั้ง	บ่อยครั้ง	1 — 2 คน	น้อย	ยาก	ตลอดเวลา	ส่วนใหญ่	ตลอดเวลา	ไม่เลย	ไม่เคย	ตลอด	บางครั้ง	น้อยกว่าครึ่งหนึ่งของเวลา	น้อยกว่าครึ่งหนึ่งของเวลา	น้อยกว่าครึ่งหนึ่งของเวลา	น้อยกว่าครึ่งหนึ่งของเวลา
25/3/2026, 18:55:25	การศึกษา	35 — 44 ปี	หญิง	อยู่กับครอบครัว / ผู้ปกครอง	30,001 — 50,000 บาท	7	1 — 2 ชั่วโมง	บ่อยครั้ง	บ่อยครั้ง	บ่อยครั้ง	ไม่มี	น้อย	ยาก	ไม่เลย	ไม่เลย	ไม่เลย	ส่วนใหญ่	ตลอด	ไม่เคย	บางครั้ง	บางครั้ง	บางครั้ง	บางครั้ง	บางครั้ง
25/3/2026, 19:20:42	ที่พักแรมและบริการด้านอาหาร	35 — 44 ปี	ชาย	อยู่กับครอบครัว / ผู้ปกครอง	20,001 — 30,000 บาท	6	2 — 4 ชั่วโมง	บ่อยครั้ง	บ่อยมาก	บ่อยครั้ง	3 — 5 คน	น้อย	ยาก	ไม่เลย	ไม่เลย	ไม่เลย	ส่วนใหญ่	ตลอด	ไม่เคย	มากกว่าครึ่งหนึ่งของเวลา	ส่วนใหญ่ของเวลา	มากกว่าครึ่งหนึ่งของเวลา	มากกว่าครึ่งหนึ่งของเวลา	มากกว่าครึ่งหนึ่งของเวลา
25/3/2026, 19:23:41	นักเรียน/นักศึกษา																							
25/3/2026, 19:36:32	การค้าส่ง ค้าปลีก และการซ่อมแซม	18 — 24 ปี	หญิง	อยู่กับครอบครัว / ผู้ปกครอง	80,001 — 150,000 บาท	8	2 — 4 ชั่วโมง	ไม่เคย	น้อย	น้อย	ไม่มี	น้อย	ยาก	ไม่เลย	ไม่เลย	ไม่เลย	ส่วนใหญ่	ตลอด	ไม่เคย	ส่วนใหญ่ของเวลา	ส่วนใหญ่ของเวลา	ส่วนใหญ่ของเวลา	ส่วนใหญ่ของเวลา	ส่วนใหญ่ของเวลา
25/3/2026, 19:35:44	การเงินและประกันภัย	มากกว่า 45 ปี																						
25/3/2026, 19:51:14	อุตสาหกรรมการผลิตและโรงงาน	35 — 44 ปี	ชาย	อยู่กับครอบครัว / ผู้ปกครอง	80,001 — 150,000 บาท	10	น้อยกว่า 1 ชั่วโมง	น้อย	น้อย	น้อย	1 — 2 คน	น้อย	ยาก	ไม่เลย	ไม่เลย	น้อยมาก	ส่วนใหญ่	ตลอด	ไม่เคย	ส่วนใหญ่ของเวลา	ส่วนใหญ่ของเวลา	ส่วนใหญ่ของเวลา	ส่วนใหญ่ของเวลา	ส่วนใหญ่ของเวลา
25/3/2026, 20:00:01	ไรเดอร์ส่งอาหาร	25 — 34 ปี	หญิง	อยู่คนเดียว	20,001 — 30,000 บาท	7	1 — 2 ชั่วโมง	ไม่เคย	น้อย	น้อย	1 — 2 คน	น้อย	ยาก	ไม่เลย	ไม่เลย	ไม่เลย	ส่วนใหญ่	ตลอด	ไม่เคย	ส่วนใหญ่ของเวลา	ส่วนใหญ่ของเวลา	มากกว่าครึ่งหนึ่งของเวลา	ส่วนใหญ่ของเวลา	ส่วนใหญ่ของเวลา
25/3/2026, 20:08:52	การสื่อสารและเทคโนโลยีสารสนเทศ	มากกว่า 45 ปี																						
25/3/2026, 20:19:41	การเงินและประกันภัย	25 — 34 ปี	หญิง	อยู่คนเดียว	50,001 — 80,000 บาท	10	1 — 2 ชั่วโมง	บ่อยครั้ง	บ่อยครั้ง	บ่อยครั้ง	1 — 2 คน	น้อย	ยาก	ไม่เลย	ไม่เลย	ไม่เลย	ส่วนใหญ่	ตลอด	ไม่เคย	น้อยกว่าครึ่งหนึ่งของเวลา	น้อยกว่าครึ่งหนึ่งของเวลา	น้อยกว่าครึ่งหนึ่งของเวลา	น้อยกว่าครึ่งหนึ่งของเวลา	น้อยกว่าครึ่งหนึ่งของเวลา
25/3/2026, 20:25:19	การขนส่งและคลังสินค้า	25 — 34 ปี	ชาย	อยู่กับครอบครัว / ผู้ปกครอง	มากกว่า 150,000 บาท	8	1 — 2 ชั่วโมง	บ่อยครั้ง	บ่อยครั้ง	บ่อยมาก	1 — 2 คน	น้อย	ยาก	ไม่เลย	ไม่เลย	ไม่เลย	ส่วนใหญ่	ตลอด	ไม่เคย	น้อยกว่าครึ่งหนึ่งของเวลา	บางครั้ง	น้อยกว่าครึ่งหนึ่งของเวลา	น้อยกว่าครึ่งหนึ่งของเวลา	น้อยกว่าครึ่งหนึ่งของเวลา
25/3/2026, 20:31:00	อุตสาหกรรมการผลิตและโรงงาน	25 — 34 ปี	หญิง	พักในที่ทำงาน	20,001 — 30,000 บาท	5	1 — 2 ชั่วโมง	บ่อยครั้ง	บ่อยครั้ง	น้อย	3 — 5 คน	น้อย	ยาก	ตลอดเวลา	ส่วนใหญ่	ตลอดเวลา	ไม่เลย	ไม่เคย	ตลอด	น้อยกว่าครึ่งหนึ่งของเวลา	น้อยกว่าครึ่งหนึ่งของเวลา	น้อยกว่าครึ่งหนึ่งของเวลา	น้อยกว่าครึ่งหนึ่งของเวลา	น้อยกว่าครึ่งหนึ่งของเวลา
25/3/2026, 20:54:19	การขนส่งและคลังสินค้า	35 — 44 ปี	หญิง	หอพัก	20,001 — 30,000 บาท	4	2 — 4 ชั่วโมง	บ่อยมาก	บ่อยมาก	บ่อยมาก	3 — 5 คน	มาก	เป็นไปได้	ตลอดเวลา	ส่วนใหญ่	ตลอดเวลา	ไม่เลย	ไม่เคย	ตลอด	บางครั้ง	บางครั้ง	บางครั้ง	บางครั้ง	บางครั้ง
25/3/2026, 21:07:55	ว่างงาน	35 — 44 ปี	ชาย	บ้านเช่า	30,001 — 50,000 บาท	7	น้อยกว่า 1 ชั่วโมง	น้อย	น้อย	น้อย	1 — 2 คน	น้อย	ยาก	ไม่เลย	ไม่เลย	ไม่เลย	ส่วนใหญ่	ตลอด	ไม่เคย	ส่วนใหญ่ของเวลา	ส่วนใหญ่ของเวลา	ส่วนใหญ่ของเวลา	ส่วนใหญ่ของเวลา	ส่วนใหญ่ของเวลา
25/3/2026, 21:22:41	การสื่อสารและเทคโนโลยีสารสนเทศ	25 — 34 ปี	หญิง	อยู่กับเพื่อน / คู่รัก / แชร์ที่พัก	30,001 — 50,000 บาท	5	1 — 2 ชั่วโมง	น้อย	น้อย	น้อย	1 — 2 คน	น้อย	ยาก	ส่วนใหญ่	ส่วนใหญ่	ส่วนใหญ่	น้อยมาก	ไม่เคย	ตลอด	บางครั้ง	น้อยกว่าครึ่งหนึ่งของเวลา	น้อยกว่าครึ่งหนึ่งของเวลา	น้อยกว่าครึ่งหนึ่งของเวลา	น้อยกว่าครึ่งหนึ่งของเวลา
25/3/2026, 21:39:08	การสื่อสารและเทคโนโลยีสารสนเทศ	35 — 44 ปี	หญิง	อยู่กับเพื่อน / คู่รัก / แชร์ที่พัก	30,001 — 50,000 บาท	7	1 — 2 ชั่วโมง	น้อย	น้อย	น้อย	1 — 2 คน	น้อย	เป็นไปได้	ไม่เลย	ไม่เลย	ไม่เลย	ตลอดเวลา	ตลอด	ไม่เคย	ส่วนใหญ่ของเวลา	ส่วนใหญ่ของเวลา	มากกว่าครึ่งหนึ่งของเวลา	ส่วนใหญ่ของเวลา	ส่วนใหญ่ของเวลา
25/3/2026, 22:05:37	การเงินและประกันภัย	25 — 34 ปี	ชาย	อพาร์ทเม้นท์	30,001 — 50,000 บาท	6	1 — 2 ชั่วโมง	น้อย	น้อย	น้อย	1 — 2 คน	น้อย	เป็นไปได้	ไม่เลย	ไม่เลย	ไม่เลย	ส่วนใหญ่	ตลอด	ไม่เคย	ส่วนใหญ่ของเวลา	ส่วนใหญ่ของเวลา	ส่วนใหญ่ของเวลา	ส่วนใหญ่ของเวลา	ส่วนใหญ่ของเวลา
25/3/2026, 23:18:22	การเงินและประกันภัย	25 — 34 ปี	หญิง	คอนโด	30,001 — 50,000 บาท	6	1 — 2 ชั่วโมง	น้อย	น้อย	น้อย	1 — 2 คน	น้อย	ยาก	ไม่เลย	ไม่เลย	ไม่เลย	ส่วนใหญ่	ตลอด	ไม่เคย	ส่วนใหญ่ของเวลา	ส่วนใหญ่ของเวลา	ส่วนใหญ่ของเวลา	ส่วนใหญ่ของเวลา	ส่วนใหญ่ของเวลา
26/3/2026, 0:55:09	การค้าส่ง ค้าปลีก และการซ่อมแซม	18 — 24 ปี	ชาย	อยู่กับครอบครัว / ผู้ปกครอง	50,001 — 80,000 บาท	10	1 — 2 ชั่วโมง	น้อย	น้อย	น้อย	1 — 2 คน	น้อย	ยาก	ไม่เลย	ไม่เลย	ไม่เลย	ตลอดเวลา	ตลอด	ไม่เคย	ส่วนใหญ่ของเวลา	ส่วนใหญ่ของเวลา	ส่วนใหญ่ของเวลา	ส่วนใหญ่ของเวลา	ส่วนใหญ่ของเวลา
26/3/2026, 7:33:52	การเงินและประกันภัย	25 — 34 ปี	ชาย	อยู่กับครอบครัว / ผู้ปกครอง	50,001 — 80,000 บาท	7	2 — 4 ชั่วโมง	บ่อยมาก	บ่อยมาก	บ่อยมาก	3 — 5 คน	น้อย	ยาก	น้อยมาก	ไม่เลย	น้อยมาก	ส่วนใหญ่	ตลอด	ไม่เคย	บางครั้ง	บางครั้ง	บางครั้ง	บางครั้ง	บางครั้ง
26/3/2026, 8:48:41	สุขภาพและกิจกรรมทางสังคม	25 — 34 ปี	หญิง	อยู่กับครอบครัว / ผู้ปกครอง	50,001 — 80,000 บาท	8	1 — 2 ชั่วโมง	น้อย	น้อย	น้อย	1 — 2 คน	น้อย	ยาก	ไม่เลย	ไม่เลย	ไม่เลย	ตลอดเวลา	ตลอด	ไม่เคย	ส่วนใหญ่ของเวลา	ส่วนใหญ่ของเวลา	ส่วนใหญ่ของเวลา	ส่วนใหญ่ของเวลา	ส่วนใหญ่ของเวลา
26/3/2026, 9:59:28	ที่พักแรมและบริการด้านอาหาร	18 — 24 ปี	ชาย	อยู่คนเดียว	30,001 — 50,000 บาท	4	2 — 4 ชั่วโมง	บ่อยครั้ง	บางครั้ง	น้อย	3 — 5 คน	น้อย	ยาก	ตลอดเวลา	ส่วนใหญ่	ส่วนใหญ่	น้อยมาก	ไม่เคย	ตลอด	ส่วนใหญ่ของเวลา	มากกว่าครึ่งหนึ่งของเวลา	ส่วนใหญ่ของเวลา	ส่วนใหญ่ของเวลา	มากกว่าครึ่งหนึ่งของเวลา
26/3/2026, 11:12:07	การขนส่งและคลังสินค้า	มากกว่า 45 ปี																						
26/3/2026, 12:47:44	การศึกษา	35 — 44 ปี	หญิง	บ้านเช่า	30,001 — 50,000 บาท	7	1 — 2 ชั่วโมง	น้อย	น้อย	น้อย	1 — 2 คน	น้อย	เป็นไปได้	ไม่เลย	ไม่เลย	ไม่เลย	ส่วนใหญ่	ตลอด	ไม่เคย	ส่วนใหญ่ของเวลา	ส่วนใหญ่ของเวลา	มากกว่าครึ่งหนึ่งของเวลา	ส่วนใหญ่ของเวลา	ส่วนใหญ่ของเวลา
26/3/2026, 14:05:19	การขนส่งและคลังสินค้า	25 — 34 ปี	หญิง	อยู่กับเพื่อน / คู่รัก / แชร์ที่พัก	10,000 — 20,000 บาท	2	น้อยกว่า 1 ชั่วโมง	น้อย	น้อย	น้อย	1 — 2 คน	น้อย	ยาก	ส่วนใหญ่	บ้าง	ส่วนใหญ่	น้อยมาก	ไม่เคย	ตลอด	น้อยกว่าครึ่งหนึ่งของเวลา	น้อยกว่าครึ่งหนึ่งของเวลา	น้อยกว่าครึ่งหนึ่งของเวลา	น้อยกว่าครึ่งหนึ่งของเวลา	น้อยกว่าครึ่งหนึ่งของเวลา
26/3/2026, 15:22:55	สุขภาพและกิจกรรมทางสังคม	25 — 34 ปี	หญิง	อยู่กับครอบครัว / ผู้ปกครอง	มากกว่า 150,000 บาท	8	1 — 2 ชั่วโมง	บ่อยครั้ง	บ่อยมาก	บ่อยครั้ง	3 — 5 คน	มาก	ง่าย	น้อยมาก	น้อยมาก	น้อยมาก	ส่วนใหญ่	ตลอด	ไม่เคย	มากกว่าครึ่งหนึ่งของเวลา	มากกว่าครึ่งหนึ่งของเวลา	มากกว่าครึ่งหนึ่งของเวลา	มากกว่าครึ่งหนึ่งของเวลา	มากกว่าครึ่งหนึ่งของเวลา
26/3/2026, 16:18:37	การสื่อสารและเทคโนโลยีสารสนเทศ	18 — 24 ปี	หญิง	อยู่กับครอบครัว / ผู้ปกครอง	50,001 — 80,000 บาท	9	2 — 4 ชั่วโมง	บ่อยครั้ง	บ่อยมาก	บ่อยครั้ง	1 — 2 คน	น้อย	ยาก	ไม่เลย	ไม่เลย	ไม่เลย	ตลอดเวลา	ตลอด	ไม่เคย	ไม่เคยเลย	ไม่เคยเลย	บางครั้ง	บางครั้ง	บางครั้ง
26/3/2026, 16:27:09	อุตสาหกรรมการผลิตและโรงงาน	18 — 24 ปี	ชาย	อยู่กับครอบครัว / ผู้ปกครอง	50,001 — 80,000 บาท	8	2 — 4 ชั่วโมง	บ่อยครั้ง	บ่อยมาก	บ่อยมาก	1 — 2 คน	น้อย	ยาก	ไม่เลย	ไม่เลย	น้อยมาก	ตลอดเวลา	ตลอด	ไม่เคย	บางครั้ง	บางครั้ง	บางครั้ง	บางครั้ง	บางครั้ง
26/3/2026, 16:32:11	การค้าส่ง ค้าปลีก และการซ่อมแซม	35 — 44 ปี	หญิง	อยู่กับครอบครัว / ผู้ปกครอง	20,001 — 30,000 บาท	4	1 — 2 ชั่วโมง	น้อย	น้อย	น้อย	1 — 2 คน	น้อย	ยาก	ส่วนใหญ่	บ้าง	ส่วนใหญ่	ไม่เลย	ไม่เคย	ตลอด	ส่วนใหญ่ของเวลา	ส่วนใหญ่ของเวลา	ส่วนใหญ่ของเวลา	ส่วนใหญ่ของเวลา	ส่วนใหญ่ของเวลา
26/3/2026, 16:41:22	การศึกษา	25 — 34 ปี	ชาย	อยู่คนเดียว	30,001 — 50,000 บาท	6	1 — 2 ชั่วโมง	บ่อยครั้ง	บ่อยมาก	บ่อยครั้ง	1 — 2 คน	น้อย	ยาก	ไม่เลย	ไม่เลย	ไม่เลย	ส่วนใหญ่	ตลอด	ไม่เคย	น้อยกว่าครึ่งหนึ่งของเวลา	บางครั้ง	น้อยกว่าครึ่งหนึ่งของเวลา	น้อยกว่าครึ่งหนึ่งของเวลา	น้อยกว่าครึ่งหนึ่งของเวลา
26/3/2026, 16:52:15	อุตสาหกรรมการผลิตและโรงงาน	35 — 44 ปี	ชาย	คอนโด	น้อยกว่า 10,000 บาท	4	1 — 2 ชั่วโมง	บางครั้ง	บางครั้ง	บ่อยครั้ง	1 — 2 คน	น้อย	ยาก	ตลอดเวลา	ส่วนใหญ่	ตลอดเวลา	ไม่เลย	ไม่เคย	ตลอด	บางครั้ง	น้อยกว่าครึ่งหนึ่งของเวลา	น้อยกว่าครึ่งหนึ่งของเวลา	น้อยกว่าครึ่งหนึ่งของเวลา	น้อยกว่าครึ่งหนึ่งของเวลา
26/3/2026, 17:01:07	ที่พักแรมและบริการด้านอาหาร	35 — 44 ปี	ชาย	อยู่กับครอบครัว / ผู้ปกครอง	20,001 — 30,000 บาท	6	2 — 4 ชั่วโมง	บ่อยครั้ง	บ่อยมาก	บ่อยครั้ง	3 — 5 คน	น้อย	ยาก	ไม่เลย	ไม่เลย	ไม่เลย	ส่วนใหญ่	ตลอด	ไม่เคย	มากกว่าครึ่งหนึ่งของเวลา	ส่วนใหญ่ของเวลา	มากกว่าครึ่งหนึ่งของเวลา	มากกว่าครึ่งหนึ่งของเวลา	มากกว่าครึ่งหนึ่งของเวลา
26/3/2026, 17:19:31	การค้าส่ง ค้าปลีก และการซ่อมแซม	18 — 24 ปี	หญิง	อยู่กับครอบครัว / ผู้ปกครอง	80,001 — 150,000 บาท	8	2 — 4 ชั่วโมง	ไม่เคย	น้อย	น้อย	ไม่มี	น้อย	ยาก	ไม่เลย	ไม่เลย	ไม่เลย	ส่วนใหญ่	ตลอด	ไม่เคย	ส่วนใหญ่ของเวลา	ส่วนใหญ่ของเวลา	ส่วนใหญ่ของเวลา	ส่วนใหญ่ของเวลา	ส่วนใหญ่ของเวลา
26/3/2026, 17:26:34	การศึกษา	35 — 44 ปี	หญิง	อยู่กับครอบครัว / ผู้ปกครอง	30,001 — 50,000 บาท	7	1 — 2 ชั่วโมง	บ่อยครั้ง	บ่อยครั้ง	บ่อยครั้ง	ไม่มี	น้อย	ยาก	ไม่เลย	ไม่เลย	ไม่เลย	ส่วนใหญ่	ตลอด	ไม่เคย	บางครั้ง	บางครั้ง	บางครั้ง	บางครั้ง	บางครั้ง
26/3/2026, 17:37:40	สุขภาพและกิจกรรมทางสังคม	25 — 34 ปี	ชาย	อยู่กับเพื่อน / คู่รัก / แชร์ที่พัก	10,000 — 20,000 บาท	1	1 — 2 ชั่วโมง	บางครั้ง	บางครั้ง	น้อย	1 — 2 คน	น้อย	เป็นไปได้	ตลอดเวลา	ส่วนใหญ่	ตลอดเวลา	ไม่เลย	ไม่เคย	ตลอด	บางครั้ง	บางครั้ง	บางครั้ง	บางครั้ง	บางครั้ง
26/3/2026, 17:40:54	นักเรียน/นักศึกษา																							
26/3/2026, 17:44:42	การเงินและประกันภัย	มากกว่า 45 ปี																						
26/3/2026, 17:50:44	อุตสาหกรรมการผลิตและโรงงาน	35 — 44 ปี	ชาย	อยู่กับครอบครัว / ผู้ปกครอง	80,001 — 150,000 บาท	10	น้อยกว่า 1 ชั่วโมง	น้อย	น้อย	น้อย	1 — 2 คน	น้อย	ยาก	ไม่เลย	ไม่เลย	น้อยมาก	ส่วนใหญ่	ตลอด	ไม่เคย	ส่วนใหญ่ของเวลา	ส่วนใหญ่ของเวลา	ส่วนใหญ่ของเวลา	ส่วนใหญ่ของเวลา	ส่วนใหญ่ของเวลา
26/3/2026, 18:06:22	ไรเดอร์ส่งอาหาร	25 — 34 ปี	หญิง	อยู่คนเดียว	20,001 — 30,000 บาท	7	1 — 2 ชั่วโมง	ไม่เคย	น้อย	น้อย	1 — 2 คน	น้อย	ยาก	ไม่เลย	ไม่เลย	ไม่เลย	ส่วนใหญ่	ตลอด	ไม่เคย	ส่วนใหญ่ของเวลา	ส่วนใหญ่ของเวลา	มากกว่าครึ่งหนึ่งของเวลา	ส่วนใหญ่ของเวลา	ส่วนใหญ่ของเวลา
26/3/2026, 18:17:55	การสื่อสารและเทคโนโลยีสารสนเทศ	มากกว่า 45 ปี																						
26/3/2026, 18:30:09	การขนส่งและคลังสินค้า	25 — 34 ปี	ชาย	อยู่กับครอบครัว / ผู้ปกครอง	มากกว่า 150,000 บาท	8	1 — 2 ชั่วโมง	บ่อยครั้ง	บ่อยครั้ง	บ่อยมาก	1 — 2 คน	น้อย	ยาก	ไม่เลย	ไม่เลย	ไม่เลย	ส่วนใหญ่	ตลอด	ไม่เคย	น้อยกว่าครึ่งหนึ่งของเวลา	บางครั้ง	น้อยกว่าครึ่งหนึ่งของเวลา	น้อยกว่าครึ่งหนึ่งของเวลา	น้อยกว่าครึ่งหนึ่งของเวลา
26/3/2026, 19:02:41	อุตสาหกรรมการผลิตและโรงงาน	25 — 34 ปี	หญิง	คอนโด	20,001 — 30,000 บาท	5	1 — 2 ชั่วโมง	บ่อยครั้ง	บ่อยครั้ง	น้อย	3 — 5 คน	น้อย	ยาก	ตลอดเวลา	ส่วนใหญ่	ตลอดเวลา	ไม่เลย	ไม่เคย	ตลอด	น้อยกว่าครึ่งหนึ่งของเวลา	น้อยกว่าครึ่งหนึ่งของเวลา	น้อยกว่าครึ่งหนึ่งของเวลา	น้อยกว่าครึ่งหนึ่งของเวลา	น้อยกว่าครึ่งหนึ่งของเวลา
26/3/2026, 19:48:28	การเงินและประกันภัย	25 — 34 ปี	หญิง	อยู่คนเดียว	50,001 — 80,000 บาท	10	1 — 2 ชั่วโมง	บ่อยครั้ง	บ่อยครั้ง	บ่อยครั้ง	1 — 2 คน	น้อย	ยาก	ไม่เลย	ไม่เลย	ไม่เลย	ส่วนใหญ่	ตลอด	ไม่เคย	น้อยกว่าครึ่งหนึ่งของเวลา	น้อยกว่าครึ่งหนึ่งของเวลา	น้อยกว่าครึ่งหนึ่งของเวลา	น้อยกว่าครึ่งหนึ่งของเวลา	น้อยกว่าครึ่งหนึ่งของเวลา
26/3/2026, 20:35:07	การขนส่งและคลังสินค้า	35 — 44 ปี	หญิง	บ้านเช่า	20,001 — 30,000 บาท	4	2 — 4 ชั่วโมง	บ่อยมาก	บ่อยมาก	บ่อยมาก	3 — 5 คน	มาก	เป็นไปได้	ตลอดเวลา	ส่วนใหญ่	ตลอดเวลา	ไม่เลย	ไม่เคย	ตลอด	บางครั้ง	บางครั้ง	บางครั้ง	บางครั้ง	บางครั้ง
26/3/2026, 21:14:52	ที่พักแรมและบริการด้านอาหาร	25 — 34 ปี	ชาย	อยู่กับครอบครัว / ผู้ปกครอง	30,001 — 50,000 บาท	7	1 — 2 ชั่วโมง	บ่อยครั้ง	บ่อยมาก	บ่อยครั้ง	1 — 2 คน	น้อย	ยาก	ไม่เลย	ไม่เลย	ไม่เลย	ตลอดเวลา	ตลอด	ไม่เคย	ไม่เคยเลย	ไม่เคยเลย	ไม่เคยเลย	ไม่เคยเลย	ไม่เคยเลย
26/3/2026, 21:59:19	การสื่อสารและเทคโนโลยีสารสนเทศ	25 — 34 ปี	หญิง	อยู่กับเพื่อน / คู่รัก / แชร์ที่พัก	30,001 — 50,000 บาท	5	1 — 2 ชั่วโมง	น้อย	น้อย	น้อย	1 — 2 คน	น้อย	ยาก	ส่วนใหญ่	ส่วนใหญ่	ส่วนใหญ่	น้อยมาก	ไม่เคย	ตลอด	บางครั้ง	น้อยกว่าครึ่งหนึ่งของเวลา	น้อยกว่าครึ่งหนึ่งของเวลา	น้อยกว่าครึ่งหนึ่งของเวลา	น้อยกว่าครึ่งหนึ่งของเวลา
26/3/2026, 22:47:44	ว่างงาน	35 — 44 ปี	ชาย	บ้านเช่า	30,001 — 50,000 บาท	7	น้อยกว่า 1 ชั่วโมง	น้อย	น้อย	น้อย	1 — 2 คน	น้อย	ยาก	ไม่เลย	ไม่เลย	ไม่เลย	ส่วนใหญ่	ตลอด	ไม่เคย	ส่วนใหญ่ของเวลา	ส่วนใหญ่ของเวลา	ส่วนใหญ่ของเวลา	ส่วนใหญ่ของเวลา	ส่วนใหญ่ของเวลา
27/3/2026, 0:28:33	การสื่อสารและเทคโนโลยีสารสนเทศ	35 — 44 ปี	หญิง	อยู่กับเพื่อน / คู่รัก / แชร์ที่พัก	30,001 — 50,000 บาท	7	1 — 2 ชั่วโมง	น้อย	น้อย	น้อย	1 — 2 คน	น้อย	เป็นไปได้	ไม่เลย	ไม่เลย	ไม่เลย	ตลอดเวลา	ตลอด	ไม่เคย	ส่วนใหญ่ของเวลา	ส่วนใหญ่ของเวลา	มากกว่าครึ่งหนึ่งของเวลา	ส่วนใหญ่ของเวลา	ส่วนใหญ่ของเวลา
27/3/2026, 6:59:07	การค้าส่ง ค้าปลีก และการซ่อมแซม	18 — 24 ปี	ชาย	อยู่กับครอบครัว / ผู้ปกครอง	50,001 — 80,000 บาท	10	1 — 2 ชั่วโมง	น้อย	น้อย	น้อย	1 — 2 คน	น้อย	ยาก	ไม่เลย	ไม่เลย	ไม่เลย	ตลอดเวลา	ตลอด	ไม่เคย	ส่วนใหญ่ของเวลา	ส่วนใหญ่ของเวลา	ส่วนใหญ่ของเวลา	ส่วนใหญ่ของเวลา	ส่วนใหญ่ของเวลา
27/3/2026, 8:15:52	การค้าส่ง ค้าปลีก และการซ่อมแซม	25 — 34 ปี	ชาย	หอพัก	30,001 — 50,000 บาท	5	1 — 2 ชั่วโมง	น้อย	น้อย	น้อย	1 — 2 คน	น้อย	ยาก	ส่วนใหญ่	บ้าง	ส่วนใหญ่	ไม่เลย	ไม่เคย	ตลอด	น้อยกว่าครึ่งหนึ่งของเวลา	มากกว่าครึ่งหนึ่งของเวลา	น้อยกว่าครึ่งหนึ่งของเวลา	มากกว่าครึ่งหนึ่งของเวลา	น้อยกว่าครึ่งหนึ่งของเวลา
27/3/2026, 8:57:41	การสื่อสารและเทคโนโลยีสารสนเทศ	25 — 34 ปี	หญิง	คอนโด	30,001 — 50,000 บาท	4	1 — 2 ชั่วโมง	บางครั้ง	บ่อยครั้ง	น้อย	3 — 5 คน	มาก	เป็นไปได้	ส่วนใหญ่	บ้าง	ตลอดเวลา	ไม่เลย	ไม่เคย	ตลอด	บางครั้ง	บางครั้ง	บางครั้ง	บางครั้ง	บางครั้ง
27/3/2026, 9:38:28	การเงินและประกันภัย	25 — 34 ปี	ชาย	อยู่กับครอบครัว / ผู้ปกครอง	50,001 — 80,000 บาท	7	2 — 4 ชั่วโมง	บ่อยมาก	บ่อยมาก	บ่อยมาก	3 — 5 คน	น้อย	ยาก	น้อยมาก	ไม่เลย	น้อยมาก	ส่วนใหญ่	ตลอด	ไม่เคย	บางครั้ง	บางครั้ง	บางครั้ง	บางครั้ง	บางครั้ง
27/3/2026, 10:22:09	สุขภาพและกิจกรรมทางสังคม	25 — 34 ปี	หญิง	อยู่กับครอบครัว / ผู้ปกครอง	50,001 — 80,000 บาท	8	1 — 2 ชั่วโมง	น้อย	น้อย	น้อย	1 — 2 คน	น้อย	ยาก	ไม่เลย	ไม่เลย	ไม่เลย	ตลอดเวลา	ตลอด	ไม่เคย	ส่วนใหญ่ของเวลา	ส่วนใหญ่ของเวลา	ส่วนใหญ่ของเวลา	ส่วนใหญ่ของเวลา	ส่วนใหญ่ของเวลา
27/3/2026, 11:05:37	การขนส่งและคลังสินค้า	มากกว่า 45 ปี																						
27/3/2026, 12:49:22	การศึกษา	35 — 44 ปี	หญิง	หอพัก	30,001 — 50,000 บาท	7	1 — 2 ชั่วโมง	น้อย	น้อย	น้อย	1 — 2 คน	น้อย	เป็นไปได้	ไม่เลย	ไม่เลย	ไม่เลย	ส่วนใหญ่	ตลอด	ไม่เคย	ส่วนใหญ่ของเวลา	ส่วนใหญ่ของเวลา	มากกว่าครึ่งหนึ่งของเวลา	ส่วนใหญ่ของเวลา	ส่วนใหญ่ของเวลา
27/3/2026, 14:18:55	การขนส่งและคลังสินค้า	25 — 34 ปี	หญิง	อยู่กับเพื่อน / คู่รัก / แชร์ที่พัก	10,000 — 20,000 บาท	2	น้อยกว่า 1 ชั่วโมง	น้อย	น้อย	น้อย	1 — 2 คน	น้อย	ยาก	ส่วนใหญ่	บ้าง	ส่วนใหญ่	น้อยมาก	ไม่เคย	ตลอด	น้อยกว่าครึ่งหนึ่งของเวลา	น้อยกว่าครึ่งหนึ่งของเวลา	น้อยกว่าครึ่งหนึ่งของเวลา	น้อยกว่าครึ่งหนึ่งของเวลา	น้อยกว่าครึ่งหนึ่งของเวลา
27/3/2026, 15:44:41	การขนส่งและคลังสินค้า	25 — 34 ปี	หญิง	อยู่กับเพื่อน / คู่รัก / แชร์ที่พัก	50,001 — 80,000 บาท	7	2 — 4 ชั่วโมง	ไม่เคย	น้อย	น้อย	1 — 2 คน	น้อย	ยาก	น้อยมาก	น้อยมาก	ส่วนใหญ่	ส่วนใหญ่	ตลอด	ไม่เคย	ส่วนใหญ่ของเวลา	มากกว่าครึ่งหนึ่งของเวลา	ส่วนใหญ่ของเวลา	ส่วนใหญ่ของเวลา	ส่วนใหญ่ของเวลา
27/3/2026, 16:59:19	ที่พักแรมและบริการด้านอาหาร	18 — 24 ปี	ชาย	อยู่คนเดียว	30,001 — 50,000 บาท	4	2 — 4 ชั่วโมง	บ่อยครั้ง	บางครั้ง	น้อย	3 — 5 คน	น้อย	ยาก	ตลอดเวลา	ส่วนใหญ่	ส่วนใหญ่	น้อยมาก	ไม่เคย	ตลอด	ส่วนใหญ่ของเวลา	มากกว่าครึ่งหนึ่งของเวลา	ส่วนใหญ่ของเวลา	ส่วนใหญ่ของเวลา	มากกว่าครึ่งหนึ่งของเวลา
27/3/2026, 17:23:52	การค้าส่ง ค้าปลีก และการซ่อมแซม	25 — 34 ปี	ชาย	อพาร์ทเม้นท์	20,001 — 30,000 บาท	7	1 — 2 ชั่วโมง	น้อย	น้อย	น้อย	1 — 2 คน	น้อย	ยาก	ไม่เลย	ไม่เลย	ไม่เลย	ตลอดเวลา	ตลอด	ไม่เคย	ส่วนใหญ่ของเวลา	ส่วนใหญ่ของเวลา	มากกว่าครึ่งหนึ่งของเวลา	มากกว่าครึ่งหนึ่งของเวลา	ส่วนใหญ่ของเวลา
27/3/2026, 17:51:07	การค้าส่ง ค้าปลีก และการซ่อมแซม	18 — 24 ปี	ชาย	อยู่กับครอบครัว / ผู้ปกครอง	50,001 — 80,000 บาท	9	1 — 2 ชั่วโมง	ไม่เคย	ไม่เคย	น้อย	ไม่มี	น้อย	ยากมาก	ไม่เลย	ไม่เลย	ไม่เลย	ส่วนใหญ่	ตลอด	ไม่เคย	ตลอด	ส่วนใหญ่ของเวลา	ส่วนใหญ่ของเวลา	ส่วนใหญ่ของเวลา	ส่วนใหญ่ของเวลา
27/3/2026, 18:19:44	การค้าส่ง ค้าปลีก และการซ่อมแซม	18 — 24 ปี	หญิง	บ้านเช่า	20,001 — 30,000 บาท	7	1 — 2 ชั่วโมง	น้อย	น้อย	น้อย	1 — 2 คน	น้อย	ยาก	ไม่เลย	ไม่เลย	ไม่เลย	ตลอดเวลา	ตลอด	ไม่เคย	ส่วนใหญ่ของเวลา	ส่วนใหญ่ของเวลา	มากกว่าครึ่งหนึ่งของเวลา	ส่วนใหญ่ของเวลา	ส่วนใหญ่ของเวลา
27/3/2026, 18:55:28	สุขภาพและกิจกรรมทางสังคม	25 — 34 ปี	หญิง	อยู่คนเดียว	30,001 — 50,000 บาท	6	2 — 4 ชั่วโมง	บ่อยครั้ง	บ่อยครั้ง	บ่อยมาก	1 — 2 คน	น้อย	ยาก	ไม่เลย	ไม่เลย	ไม่เลย	ตลอดเวลา	ตลอด	ไม่เคย	บางครั้ง	บางครั้ง	บางครั้ง	บางครั้ง	บางครั้ง
27/3/2026, 19:37:09	การบริหารราชการและรัฐวิสาหกิจ	น้อยกว่า 18 ปี																						
27/3/2026, 20:21:52	ที่พักแรมและบริการด้านอาหาร	35 — 44 ปี	หญิง	อยู่คนเดียว	50,001 — 80,000 บาท	8	1 — 2 ชั่วโมง	บ่อยครั้ง	บ่อยมาก	บ่อยครั้ง	1 — 2 คน	น้อย	ยาก	ไม่เลย	ไม่เลย	ไม่เลย	ส่วนใหญ่	ตลอด	ไม่เคย	บางครั้ง	บางครั้ง	บางครั้ง	บางครั้ง	บางครั้ง
27/3/2026, 21:08:41	การขนส่งและคลังสินค้า	35 — 44 ปี	หญิง	อยู่คนเดียว	30,001 — 50,000 บาท	6	1 — 2 ชั่วโมง	น้อย	น้อย	น้อย	1 — 2 คน	น้อย	ยาก	ไม่เลย	ไม่เลย	น้อยมาก	ส่วนใหญ่	ตลอด	ไม่เคย	มากกว่าครึ่งหนึ่งของเวลา	มากกว่าครึ่งหนึ่งของเวลา	มากกว่าครึ่งหนึ่งของเวลา	มากกว่าครึ่งหนึ่งของเวลา	มากกว่าครึ่งหนึ่งของเวลา
27/3/2026, 21:55:33	การสื่อสารและเทคโนโลยีสารสนเทศ	25 — 34 ปี	ชาย	อยู่คนเดียว	30,001 — 50,000 บาท	7	2 — 4 ชั่วโมง	บ่อยครั้ง	บ่อยครั้ง	บ่อยมาก	ไม่มี	ไม่มีเลย	ยาก	ไม่เลย	ไม่เลย	ไม่เลย	ส่วนใหญ่	ตลอด	ไม่เคย	ส่วนใหญ่ของเวลา	ส่วนใหญ่ของเวลา	ส่วนใหญ่ของเวลา	ส่วนใหญ่ของเวลา	ส่วนใหญ่ของเวลา
27/3/2026, 22:42:19	การขนส่งและคลังสินค้า	35 — 44 ปี	หญิง	อยู่กับเพื่อน / คู่รัก / แชร์ที่พัก	20,001 — 30,000 บาท	5	น้อยกว่า 1 ชั่วโมง	น้อย	น้อย	น้อย	1 — 2 คน	น้อย	ยาก	ส่วนใหญ่	บ้าง	ส่วนใหญ่	น้อยมาก	ไม่เคย	ตลอด	น้อยกว่าครึ่งหนึ่งของเวลา	น้อยกว่าครึ่งหนึ่งของเวลา	น้อยกว่าครึ่งหนึ่งของเวลา	น้อยกว่าครึ่งหนึ่งของเวลา	น้อยกว่าครึ่งหนึ่งของเวลา
28/3/2026, 1:07:55	การเงินและประกันภัย	35 — 44 ปี	ชาย	คอนโด	50,001 — 80,000 บาท	8	1 — 2 ชั่วโมง	บ่อยครั้ง	บ่อยครั้ง	บ่อยมาก	1 — 2 คน	น้อย	ยาก	ไม่เลย	ไม่เลย	ไม่เลย	ตลอดเวลา	ตลอด	ไม่เคย	บางครั้ง	บางครั้ง	บางครั้ง	บางครั้ง	บางครั้ง
28/3/2026, 7:44:28	การขนส่งและคลังสินค้า	18 — 24 ปี	ชาย	อยู่กับครอบครัว / ผู้ปกครอง	50,001 — 80,000 บาท	8	2 — 4 ชั่วโมง	บ่อยมาก	บ่อยมาก	บ่อยมาก	3 — 5 คน	น้อย	ยาก	ไม่เลย	ไม่เลย	น้อยมาก	ตลอดเวลา	ตลอด	ไม่เคย	บางครั้ง	บางครั้ง	บางครั้ง	บางครั้ง	บางครั้ง
28/3/2026, 9:18:07	การสื่อสารและเทคโนโลยีสารสนเทศ	มากกว่า 45 ปี																						
28/3/2026, 10:51:44	การเงินและประกันภัย	25 — 34 ปี	ชาย	อยู่คนเดียว	30,001 — 50,000 บาท	6	2 — 4 ชั่วโมง	บ่อยครั้ง	บ่อยมาก	บ่อยมาก	1 — 2 คน	น้อย	ยาก	ไม่เลย	ไม่เลย	ไม่เลย	ตลอดเวลา	ตลอด	ไม่เคย	บางครั้ง	บางครั้ง	บางครั้ง	บางครั้ง	บางครั้ง
28/3/2026, 12:27:19	การเงินและประกันภัย	35 — 44 ปี	หญิง	อยู่กับเพื่อน / คู่รัก / แชร์ที่พัก	50,001 — 80,000 บาท	7	1 — 2 ชั่วโมง	ไม่เคย	น้อย	น้อย	1 — 2 คน	น้อย	ยาก	ไม่เลย	ไม่เลย	ไม่เลย	ตลอดเวลา	ตลอด	ไม่เคย	ส่วนใหญ่ของเวลา	ส่วนใหญ่ของเวลา	มากกว่าครึ่งหนึ่งของเวลา	ส่วนใหญ่ของเวลา	ส่วนใหญ่ของเวลา
28/3/2026, 14:03:52	การค้าส่ง ค้าปลีก และการซ่อมแซม	35 — 44 ปี	หญิง	พักในที่ทำงาน	30,001 — 50,000 บาท	4	1 — 2 ชั่วโมง	บ่อยครั้ง	บ่อยครั้ง	บางครั้ง	3 — 5 คน	น้อย	เป็นไปได้	ตลอดเวลา	ส่วนใหญ่	ตลอดเวลา	น้อยมาก	ไม่เคย	ตลอด	บางครั้ง	บางครั้ง	บางครั้ง	บางครั้ง	บางครั้ง
28/3/2026, 15:39:41	การค้าส่ง ค้าปลีก และการซ่อมแซม	18 — 24 ปี	ชาย	อยู่กับเพื่อน / คู่รัก / แชร์ที่พัก	10,000 — 20,000 บาท	7	4 — 6 ชั่วโมง	บ่อยครั้ง	บางครั้ง	บางครั้ง	1 — 2 คน	ไม่เเน่ใจ	เป็นไปได้	บ้าง	บ้าง	บ้าง	บ้าง	ตลอด	ตลอด	บางครั้ง	บางครั้ง	บางครั้ง	บางครั้ง	บางครั้ง
28/3/2026, 16:55:28	การศึกษา	18 — 24 ปี	ไม่ต้องการระบุ	อยู่กับครอบครัว / ผู้ปกครอง	น้อยกว่า 10,000 บาท	5	มากกว่า 6 ชั่วโมง	บ่อยมาก	บ่อยครั้ง	บ่อยครั้ง	3 — 5 คน	มาก	เป็นไปได้	บ้าง	บ้าง	ส่วนใหญ่	ส่วนใหญ่	ตลอด	ตลอด	มากกว่าครึ่งหนึ่งของเวลา	มากกว่าครึ่งหนึ่งของเวลา	มากกว่าครึ่งหนึ่งของเวลา	น้อยกว่าครึ่งหนึ่งของเวลา	มากกว่าครึ่งหนึ่งของเวลา
28/3/2026, 17:12:09	การศึกษา	18 — 24 ปี	หญิง	อยู่กับครอบครัว / ผู้ปกครอง	20,001 — 30,000 บาท	6	4 — 6 ชั่วโมง	บ่อยครั้ง	น้อย	บางครั้ง	1 — 2 คน	ไม่เเน่ใจ	ง่ายมาก	น้อยมาก	ไม่เลย	บ้าง	บ้าง	ไม่เคย	ตลอด	ตลอด	ตลอด	ตลอด	ตลอด	ตลอด
28/3/2026, 17:39:37	นักเรียน/นักศึกษา																							
28/3/2026, 18:14:52	ที่พักแรมและบริการด้านอาหาร	18 — 24 ปี	หญิง	อยู่กับเพื่อน / คู่รัก / แชร์ที่พัก	10,000 — 20,000 บาท	6	4 — 6 ชั่วโมง	บางครั้ง	น้อย	บางครั้ง	1 — 2 คน	ไม่เเน่ใจ	เป็นไปได้	บ้าง	บ้าง	บ้าง	บ้าง	ไม่เคย	ตลอด	มากกว่าครึ่งหนึ่งของเวลา	น้อยกว่าครึ่งหนึ่งของเวลา	น้อยกว่าครึ่งหนึ่งของเวลา	น้อยกว่าครึ่งหนึ่งของเวลา	บางครั้ง
28/3/2026, 18:51:19	การบริหารราชการและรัฐวิสาหกิจ	25 — 34 ปี	ชาย	อยู่กับครอบครัว / ผู้ปกครอง	10,000 — 20,000 บาท	6	1 — 2 ชั่วโมง	น้อย	น้อย	บางครั้ง	1 — 2 คน	ไม่เเน่ใจ	ยาก	น้อยมาก	น้อยมาก	บ้าง	ส่วนใหญ่	ไม่เคย	ไม่เคย	ตลอด	ตลอด	ตลอด	ตลอด	ตลอด
28/3/2026, 19:28:44	การศึกษา	18 — 24 ปี	หญิง	อยู่คนเดียว	10,000 — 20,000 บาท	7	1 — 2 ชั่วโมง	ไม่เคย	ไม่เคย	ไม่เคย	มากกว่า 5 คน	มากที่สุด	ง่ายมาก	ไม่เลย	ไม่เลย	ไม่เลย	ส่วนใหญ่	ตลอด	ตลอด	ส่วนใหญ่ของเวลา	ส่วนใหญ่ของเวลา	ตลอด	ส่วนใหญ่ของเวลา	ส่วนใหญ่ของเวลา
28/3/2026, 20:12:07	การศึกษา	35 — 44 ปี	หญิง	อยู่กับครอบครัว / ผู้ปกครอง	80,001 — 150,000 บาท	9	มากกว่า 6 ชั่วโมง	น้อย	ไม่เคย	น้อย	3 — 5 คน	ไม่เเน่ใจ	ง่าย	น้อยมาก	น้อยมาก	ไม่เลย	ตลอดเวลา	ตลอด	ไม่เคย	ส่วนใหญ่ของเวลา	มากกว่าครึ่งหนึ่งของเวลา	มากกว่าครึ่งหนึ่งของเวลา	ส่วนใหญ่ของเวลา	มากกว่าครึ่งหนึ่งของเวลา
28/3/2026, 20:57:33	การศึกษา	18 — 24 ปี	หญิง	อยู่กับครอบครัว / ผู้ปกครอง	50,001 — 80,000 บาท	6	2 — 4 ชั่วโมง	ไม่เคย	บางครั้ง	ไม่เคย	ไม่มี	ไม่เเน่ใจ	ยากมาก	น้อยมาก	ไม่เลย	บ้าง	น้อยมาก	ตลอด	ตลอด	บางครั้ง	บางครั้ง	บางครั้ง	ไม่เคยเลย	บางครั้ง
28/3/2026, 21:44:28	การบริหารราชการและรัฐวิสาหกิจ	25 — 34 ปี	หญิง	อยู่กับครอบครัว / ผู้ปกครอง	30,001 — 50,000 บาท	5	4 — 6 ชั่วโมง	น้อย	บางครั้ง	บางครั้ง	มากกว่า 5 คน	มาก	ง่ายมาก	น้อยมาก	ไม่เลย	บ้าง	ไม่เลย	ไม่เคย	ตลอด	ส่วนใหญ่ของเวลา	บางครั้ง	บางครั้ง	บางครั้ง	บางครั้ง
28/3/2026, 22:31:09	สุขภาพและกิจกรรมทางสังคม	25 — 34 ปี	ไม่ต้องการระบุ	อยู่กับครอบครัว / ผู้ปกครอง	น้อยกว่า 10,000 บาท	3	2 — 4 ชั่วโมง	บางครั้ง	บางครั้ง	บางครั้ง	ไม่มี	น้อย	ยาก	ตลอดเวลา	บ้าง	ตลอดเวลา	ตลอดเวลา	ไม่เคย	ตลอด	บางครั้ง	บางครั้ง	บางครั้ง	บางครั้ง	บางครั้ง
28/3/2026, 23:15:52	รพ.สต.	25 — 34 ปี	หญิง	อยู่กับครอบครัว / ผู้ปกครอง	30,001 — 50,000 บาท	5	2 — 4 ชั่วโมง	บางครั้ง	บางครั้ง	บางครั้ง	1 — 2 คน	ไม่เเน่ใจ	ง่าย	น้อยมาก	น้อยมาก	บ้าง	บ้าง	ไม่เคย	ไม่เคย	น้อยกว่าครึ่งหนึ่งของเวลา	บางครั้ง	บางครั้ง	บางครั้ง	น้อยกว่าครึ่งหนึ่งของเวลา
29/3/2026, 0:48:41	การบริหารราชการและรัฐวิสาหกิจ	25 — 34 ปี	ชาย	อยู่กับครอบครัว / ผู้ปกครอง	30,001 — 50,000 บาท	6	มากกว่า 6 ชั่วโมง	บางครั้ง	บ่อยครั้ง	น้อย	มากกว่า 5 คน	ไม่เเน่ใจ	เป็นไปได้	ไม่เลย	น้อยมาก	ไม่เลย	ส่วนใหญ่	ตลอด	ไม่เคย	มากกว่าครึ่งหนึ่งของเวลา	มากกว่าครึ่งหนึ่งของเวลา	น้อยกว่าครึ่งหนึ่งของเวลา	น้อยกว่าครึ่งหนึ่งของเวลา	น้อยกว่าครึ่งหนึ่งของเวลา
29/3/2026, 7:12:19	สุขภาพและกิจกรรมทางสังคม	35 — 44 ปี	หญิง	อยู่กับเพื่อน / คู่รัก / แชร์ที่พัก	30,001 — 50,000 บาท	6	4 — 6 ชั่วโมง	บางครั้ง	บางครั้ง	บางครั้ง	3 — 5 คน	ไม่เเน่ใจ	ง่าย	น้อยมาก	น้อยมาก	ส่วนใหญ่	บ้าง	ไม่เคย	ไม่เคย	บางครั้ง	บางครั้ง	มากกว่าครึ่งหนึ่งของเวลา	บางครั้ง	มากกว่าครึ่งหนึ่งของเวลา
29/3/2026, 8:39:55	สุขภาพและกิจกรรมทางสังคม	25 — 34 ปี	หญิง	อยู่คนเดียว	20,001 — 30,000 บาท	5	4 — 6 ชั่วโมง	บางครั้ง	บ่อยครั้ง	บางครั้ง	3 — 5 คน	ไม่เเน่ใจ	เป็นไปได้	บ้าง	น้อยมาก	บ้าง	น้อยมาก	ตลอด	ตลอด	มากกว่าครึ่งหนึ่งของเวลา	มากกว่าครึ่งหนึ่งของเวลา	น้อยกว่าครึ่งหนึ่งของเวลา	น้อยกว่าครึ่งหนึ่งของเวลา	น้อยกว่าครึ่งหนึ่งของเวลา
29/3/2026, 10:05:37	สุขภาพและกิจกรรมทางสังคม	18 — 24 ปี	ชาย	อยู่กับครอบครัว / ผู้ปกครอง	น้อยกว่า 10,000 บาท	3	มากกว่า 6 ชั่วโมง	บางครั้ง	น้อย	น้อย	1 — 2 คน	ไม่เเน่ใจ	เป็นไปได้	น้อยมาก	น้อยมาก	น้อยมาก	ส่วนใหญ่	ตลอด	ไม่เคย	มากกว่าครึ่งหนึ่งของเวลา	มากกว่าครึ่งหนึ่งของเวลา	น้อยกว่าครึ่งหนึ่งของเวลา	น้อยกว่าครึ่งหนึ่งของเวลา	มากกว่าครึ่งหนึ่งของเวลา
29/3/2026, 11:48:22	ลูกจ้างของรัฐ	25 — 34 ปี	หญิง	อยู่คนเดียว	10,000 — 20,000 บาท	6	2 — 4 ชั่วโมง	บางครั้ง	บางครั้ง	บางครั้ง	1 — 2 คน	ไม่เเน่ใจ	เป็นไปได้	บ้าง	น้อยมาก	บ้าง	บ้าง	ตลอด	ตลอด	ส่วนใหญ่ของเวลา	ส่วนใหญ่ของเวลา	มากกว่าครึ่งหนึ่งของเวลา	บางครั้ง	ตลอด
29/3/2026, 13:27:09	สุขภาพและกิจกรรมทางสังคม	18 — 24 ปี	หญิง	อยู่กับครอบครัว / ผู้ปกครอง	10,000 — 20,000 บาท	8	2 — 4 ชั่วโมง	น้อย	บางครั้ง	บ่อยครั้ง	1 — 2 คน	ไม่เเน่ใจ	ง่ายมาก	น้อยมาก	น้อยมาก	ส่วนใหญ่	บ้าง	ตลอด	ไม่เคย	ส่วนใหญ่ของเวลา	ส่วนใหญ่ของเวลา	ส่วนใหญ่ของเวลา	ส่วนใหญ่ของเวลา	ส่วนใหญ่ของเวลา
29/3/2026, 15:03:52	การขนส่งและคลังสินค้า	25 — 34 ปี	หญิง	หอพัก	10,000 — 20,000 บาท	4	1 — 2 ชั่วโมง	บางครั้ง	น้อย	บางครั้ง	1 — 2 คน	น้อย	เป็นไปได้	ตลอดเวลา	ส่วนใหญ่	ตลอดเวลา	ไม่เลย	ไม่เคย	ตลอด	บางครั้ง	บางครั้ง	บางครั้ง	บางครั้ง	บางครั้ง
29/3/2026, 16:18:41	การสื่อสารและเทคโนโลยีสารสนเทศ	มากกว่า 45 ปี																						
29/3/2026, 17:05:28	การค้าส่ง ค้าปลีก และการซ่อมแซม	มากกว่า 45 ปี																						
29/3/2026, 17:44:07	การบริหารราชการและรัฐวิสาหกิจ	35 — 44 ปี	ชาย	อยู่กับครอบครัว / ผู้ปกครอง	50,001 — 80,000 บาท	8	1 — 2 ชั่วโมง	น้อย	น้อย	น้อย	1 — 2 คน	น้อย	เป็นไปได้	ไม่เลย	ไม่เลย	น้อยมาก	ส่วนใหญ่	ตลอด	ไม่เคย	มากกว่าครึ่งหนึ่งของเวลา	มากกว่าครึ่งหนึ่งของเวลา	มากกว่าครึ่งหนึ่งของเวลา	มากกว่าครึ่งหนึ่งของเวลา	มากกว่าครึ่งหนึ่งของเวลา
29/3/2026, 18:29:55	สุขภาพและกิจกรรมทางสังคม	18 — 24 ปี	ชาย	อยู่คนเดียว	30,001 — 50,000 บาท	4	1 — 2 ชั่วโมง	บ่อยครั้ง	บางครั้ง	น้อย	3 — 5 คน	น้อย	ยาก	ตลอดเวลา	ส่วนใหญ่	ส่วนใหญ่	น้อยมาก	ไม่เคย	ตลอด	บางครั้ง	น้อยกว่าครึ่งหนึ่งของเวลา	บางครั้ง	บางครั้ง	บางครั้ง
29/3/2026, 19:14:33	การสื่อสารและเทคโนโลยีสารสนเทศ	18 — 24 ปี	หญิง	คอนโด	80,001 — 150,000 บาท	10	1 — 2 ชั่วโมง	น้อย	น้อย	น้อย	1 — 2 คน	น้อย	ยาก	ไม่เลย	ไม่เลย	ไม่เลย	ตลอดเวลา	ตลอด	ไม่เคย	ตลอด	ตลอด	ตลอด	ตลอด	ตลอด
29/3/2026, 20:02:19	การเงินและประกันภัย	18 — 24 ปี	ชาย	พักในที่ทำงาน	30,001 — 50,000 บาท	4	1 — 2 ชั่วโมง	บางครั้ง	น้อย	น้อย	3 — 5 คน	น้อย	ยาก	ส่วนใหญ่	บ้าง	ส่วนใหญ่	ไม่เลย	ไม่เคย	ตลอด	ส่วนใหญ่ของเวลา	ส่วนใหญ่ของเวลา	ส่วนใหญ่ของเวลา	ส่วนใหญ่ของเวลา	ส่วนใหญ่ของเวลา
29/3/2026, 20:51:44	การค้าส่ง ค้าปลีก และการซ่อมแซม	35 — 44 ปี	ชาย	พักในที่ทำงาน	30,001 — 50,000 บาท	4	1 — 2 ชั่วโมง	บ่อยครั้ง	บ่อยครั้ง	บางครั้ง	3 — 5 คน	น้อย	ยาก	ตลอดเวลา	ส่วนใหญ่	ส่วนใหญ่	ไม่เลย	ไม่เคย	ตลอด	น้อยกว่าครึ่งหนึ่งของเวลา	น้อยกว่าครึ่งหนึ่งของเวลา	น้อยกว่าครึ่งหนึ่งของเวลา	น้อยกว่าครึ่งหนึ่งของเวลา	น้อยกว่าครึ่งหนึ่งของเวลา
29/3/2026, 21:38:28	สุขภาพและกิจกรรมทางสังคม	35 — 44 ปี	หญิง	บ้านเช่า	50,001 — 80,000 บาท	7	1 — 2 ชั่วโมง	บ่อยมาก	บ่อยมาก	บ่อยมาก	3 — 5 คน	น้อย	ยาก	ไม่เลย	ไม่เลย	ไม่เลย	ส่วนใหญ่	ตลอด	ไม่เคย	บางครั้ง	บางครั้ง	บางครั้ง	บางครั้ง	บางครั้ง
29/3/2026, 22:25:09	การสื่อสารและเทคโนโลยีสารสนเทศ	25 — 34 ปี	ชาย	อยู่กับเพื่อน / คู่รัก / แชร์ที่พัก	30,001 — 50,000 บาท	5	1 — 2 ชั่วโมง	บางครั้ง	บางครั้ง	น้อย	3 — 5 คน	น้อย	ยาก	ส่วนใหญ่	ส่วนใหญ่	ส่วนใหญ่	น้อยมาก	ไม่เคย	ตลอด	ส่วนใหญ่ของเวลา	ส่วนใหญ่ของเวลา	ส่วนใหญ่ของเวลา	ส่วนใหญ่ของเวลา	ส่วนใหญ่ของเวลา
29/3/2026, 23:12:37	การค้าส่ง ค้าปลีก และการซ่อมแซม	25 — 34 ปี	หญิง	อยู่กับเพื่อน / คู่รัก / แชร์ที่พัก	50,001 — 80,000 บาท	7	1 — 2 ชั่วโมง	บ่อยครั้ง	บ่อยครั้ง	บ่อยมาก	1 — 2 คน	น้อย	ยาก	ไม่เลย	ไม่เลย	น้อยมาก	ตลอดเวลา	ตลอด	ไม่เคย	บางครั้ง	บางครั้ง	บางครั้ง	บางครั้ง	บางครั้ง
29/3/2026, 23:20:10	การศึกษา	25 — 34 ปี	หญิง	อยู่คนเดียว	10,000 — 20,000 บาท	3	1 — 2 ชั่วโมง	บางครั้ง	น้อย	น้อย	3 — 5 คน	น้อย	เป็นไปได้	ส่วนใหญ่	ส่วนใหญ่	ส่วนใหญ่	ไม่เลย	ไม่เคย	ตลอด	น้อยกว่าครึ่งหนึ่งของเวลา	น้อยกว่าครึ่งหนึ่งของเวลา	น้อยกว่าครึ่งหนึ่งของเวลา	น้อยกว่าครึ่งหนึ่งของเวลา	น้อยกว่าครึ่งหนึ่งของเวลา
29/3/2026, 23:25:02	การศึกษา	18 — 24 ปี	หญิง	อยู่คนเดียว	30,001 — 50,000 บาท	4	1 — 2 ชั่วโมง	บ่อยครั้ง	บ่อยครั้ง	บางครั้ง	1 — 2 คน	น้อย	ยาก	ตลอดเวลา	ส่วนใหญ่	ตลอดเวลา	น้อยมาก	ไม่เคย	ตลอด	น้อยกว่าครึ่งหนึ่งของเวลา	น้อยกว่าครึ่งหนึ่งของเวลา	น้อยกว่าครึ่งหนึ่งของเวลา	น้อยกว่าครึ่งหนึ่งของเวลา	น้อยกว่าครึ่งหนึ่งของเวลา
29/3/2026, 23:34:04	อุตสาหกรรมการผลิตและโรงงาน	18 — 24 ปี	หญิง	อยู่กับเพื่อน / คู่รัก / แชร์ที่พัก	30,001 — 50,000 บาท	7	1 — 2 ชั่วโมง	บ่อยมาก	บ่อยมาก	บ่อยมาก	1 — 2 คน	น้อย	ยาก	ไม่เลย	ไม่เลย	ไม่เลย	ตลอดเวลา	ตลอด	ไม่เคย	บางครั้ง	บางครั้ง	บางครั้ง	บางครั้ง	บางครั้ง
29/3/2026, 23:37:03	อุตสาหกรรมการผลิตและโรงงาน	มากกว่า 45 ปี																						
29/3/2026, 23:46:58	ที่พักแรมและบริการด้านอาหาร	25 — 34 ปี	ชาย	บ้านเช่า	20,001 — 30,000 บาท	6	1 — 2 ชั่วโมง	บางครั้ง	น้อย	น้อย	1 — 2 คน	น้อย	ยาก	น้อยมาก	ไม่เลย	บ้าง	ตลอดเวลา	ตลอด	ไม่เคย	มากกว่าครึ่งหนึ่งของเวลา	มากกว่าครึ่งหนึ่งของเวลา	มากกว่าครึ่งหนึ่งของเวลา	มากกว่าครึ่งหนึ่งของเวลา	มากกว่าครึ่งหนึ่งของเวลา
29/3/2026, 23:56:30	รับจ้างทั่วไป	18 — 24 ปี	หญิง	อยู่กับครอบครัว / ผู้ปกครอง	30,001 — 50,000 บาท	6	1 — 2 ชั่วโมง	น้อย	น้อย	น้อย	1 — 2 คน	น้อย	ยาก	ไม่เลย	ไม่เลย	น้อยมาก	ตลอดเวลา	ตลอด	ไม่เคย	มากกว่าครึ่งหนึ่งของเวลา	มากกว่าครึ่งหนึ่งของเวลา	มากกว่าครึ่งหนึ่งของเวลา	มากกว่าครึ่งหนึ่งของเวลา	มากกว่าครึ่งหนึ่งของเวลา
30/3/2026, 0:01:02	ที่พักแรมและบริการด้านอาหาร	25 — 34 ปี	ชาย	หอพัก	50,001 — 80,000 บาท	8	1 — 2 ชั่วโมง	น้อย	น้อย	น้อย	1 — 2 คน	น้อย	ยาก	น้อยมาก	น้อยมาก	บ้าง	ตลอดเวลา	ตลอด	ไม่เคย	ส่วนใหญ่ของเวลา	มากกว่าครึ่งหนึ่งของเวลา	ส่วนใหญ่ของเวลา	ส่วนใหญ่ของเวลา	ส่วนใหญ่ของเวลา
30/3/2026, 0:13:12	การบริหารราชการและรัฐวิสาหกิจ	35 — 44 ปี	หญิง	อยู่กับเพื่อน / คู่รัก / แชร์ที่พัก	30,001 — 50,000 บาท	5	1 — 2 ชั่วโมง	บ่อยครั้ง	บางครั้ง	บางครั้ง	3 — 5 คน	น้อย	ยาก	ตลอดเวลา	ส่วนใหญ่	ส่วนใหญ่	ไม่เลย	ไม่เคย	ตลอด	บางครั้ง	น้อยกว่าครึ่งหนึ่งของเวลา	บางครั้ง	บางครั้ง	บางครั้ง
30/3/2026, 0:23:37	การสื่อสารและเทคโนโลยีสารสนเทศ	มากกว่า 45 ปี																						
30/3/2026, 0:35:13	นักเรียน/นักศึกษา																							
30/3/2026, 0:48:29	การค้าส่ง ค้าปลีก และการซ่อมแซม	25 — 34 ปี	หญิง	อยู่กับครอบครัว / ผู้ปกครอง	50,001 — 80,000 บาท	9	น้อยกว่า 1 ชั่วโมง	ไม่เคย	ไม่เคย	น้อย	1 — 2 คน	น้อย	ยาก	ไม่เลย	ไม่เลย	ไม่เลย	ส่วนใหญ่	ตลอด	ไม่เคย	ตลอด	ตลอด	ตลอด	ตลอด	ตลอด
30/3/2026, 0:57:39	การเกษตรกรรม ป่าไม้ และประมง	25 — 34 ปี	หญิง	อยู่กับเพื่อน / คู่รัก / แชร์ที่พัก	80,001 — 150,000 บาท	8	1 — 2 ชั่วโมง	น้อย	น้อย	น้อย	1 — 2 คน	น้อย	เป็นไปได้	น้อยมาก	ไม่เลย	บ้าง	ตลอดเวลา	ตลอด	ไม่เคย	มากกว่าครึ่งหนึ่งของเวลา	มากกว่าครึ่งหนึ่งของเวลา	มากกว่าครึ่งหนึ่งของเวลา	มากกว่าครึ่งหนึ่งของเวลา	มากกว่าครึ่งหนึ่งของเวลา
30/3/2026, 1:04:46	การขนส่งและคลังสินค้า	25 — 34 ปี	ชาย	อยู่คนเดียว	30,001 — 50,000 บาท	6	1 — 2 ชั่วโมง	น้อย	น้อย	น้อย	1 — 2 คน	น้อย	ยาก	บ้าง	น้อยมาก	ส่วนใหญ่	ส่วนใหญ่	ตลอด	ไม่เคย	มากกว่าครึ่งหนึ่งของเวลา	มากกว่าครึ่งหนึ่งของเวลา	มากกว่าครึ่งหนึ่งของเวลา	มากกว่าครึ่งหนึ่งของเวลา	มากกว่าครึ่งหนึ่งของเวลา
30/3/2026, 1:14:16	การค้าส่ง ค้าปลีก และการซ่อมแซม	25 — 34 ปี	ชาย	อยู่กับครอบครัว / ผู้ปกครอง	50,001 — 80,000 บาท	9	1 — 2 ชั่วโมง	น้อย	น้อย	น้อย	1 — 2 คน	น้อย	ยาก	ไม่เลย	ไม่เลย	น้อยมาก	ส่วนใหญ่	ตลอด	ไม่เคย	ส่วนใหญ่ของเวลา	ส่วนใหญ่ของเวลา	ส่วนใหญ่ของเวลา	ส่วนใหญ่ของเวลา	ส่วนใหญ่ของเวลา
30/3/2026, 1:17:38	การเงินและประกันภัย	มากกว่า 45 ปี																						
30/3/2026, 1:38:35	การขนส่งและคลังสินค้า	35 — 44 ปี	หญิง	อยู่กับเพื่อน / คู่รัก / แชร์ที่พัก	30,001 — 50,000 บาท	5	2 — 4 ชั่วโมง	บางครั้ง	น้อย	น้อย	3 — 5 คน	น้อย	ยาก	ตลอดเวลา	ส่วนใหญ่	ส่วนใหญ่	น้อยมาก	ไม่เคย	ตลอด	น้อยกว่าครึ่งหนึ่งของเวลา	น้อยกว่าครึ่งหนึ่งของเวลา	น้อยกว่าครึ่งหนึ่งของเวลา	น้อยกว่าครึ่งหนึ่งของเวลา	น้อยกว่าครึ่งหนึ่งของเวลา
30/3/2026, 1:50:06	การสื่อสารและเทคโนโลยีสารสนเทศ	35 — 44 ปี	ชาย	อยู่คนเดียว	30,001 — 50,000 บาท	5	2 — 4 ชั่วโมง	บางครั้ง	บ่อยครั้ง	น้อย	1 — 2 คน	น้อย	ยาก	ส่วนใหญ่	บ้าง	ส่วนใหญ่	ไม่เลย	ไม่เคย	ตลอด	ส่วนใหญ่ของเวลา	ส่วนใหญ่ของเวลา	มากกว่าครึ่งหนึ่งของเวลา	มากกว่าครึ่งหนึ่งของเวลา	มากกว่าครึ่งหนึ่งของเวลา
30/3/2026, 1:58:50	การค้าส่ง ค้าปลีก และการซ่อมแซม	25 — 34 ปี	หญิง	อยู่กับครอบครัว / ผู้ปกครอง	80,001 — 150,000 บาท	8	1 — 2 ชั่วโมง	น้อย	น้อย	น้อย	1 — 2 คน	น้อย	ยาก	ไม่เลย	ไม่เลย	ไม่เลย	ส่วนใหญ่	ตลอด	ไม่เคย	ส่วนใหญ่ของเวลา	ส่วนใหญ่ของเวลา	ส่วนใหญ่ของเวลา	ส่วนใหญ่ของเวลา	ส่วนใหญ่ของเวลา
30/3/2026, 2:13:27	การค้าส่ง ค้าปลีก และการซ่อมแซม	35 — 44 ปี	ชาย	อพาร์ทเม้นท์	50,001 — 80,000 บาท	8	1 — 2 ชั่วโมง	บ่อยครั้ง	บ่อยครั้ง	บ่อยมาก	1 — 2 คน	น้อย	ยาก	ไม่เลย	ไม่เลย	ไม่เลย	ส่วนใหญ่	ตลอด	ไม่เคย	บางครั้ง	บางครั้ง	บางครั้ง	บางครั้ง	บางครั้ง
30/3/2026, 2:22:00	สุขภาพและกิจกรรมทางสังคม	18 — 24 ปี	ชาย	อยู่กับเพื่อน / คู่รัก / แชร์ที่พัก	50,001 — 80,000 บาท	8	1 — 2 ชั่วโมง	น้อย	น้อย	น้อย	1 — 2 คน	น้อย	ยาก	ไม่เลย	ไม่เลย	ไม่เลย	ตลอดเวลา	ตลอด	ไม่เคย	ส่วนใหญ่ของเวลา	ส่วนใหญ่ของเวลา	ส่วนใหญ่ของเวลา	ส่วนใหญ่ของเวลา	ส่วนใหญ่ของเวลา
30/3/2026, 2:27:13	การค้าส่ง ค้าปลีก และการซ่อมแซม	35 — 44 ปี	ชาย	อยู่กับเพื่อน / คู่รัก / แชร์ที่พัก	50,001 — 80,000 บาท	8	1 — 2 ชั่วโมง	บ่อยครั้ง	บ่อยครั้ง	บ่อยมาก	1 — 2 คน	น้อย	ยาก	ไม่เลย	ไม่เลย	ไม่เลย	ส่วนใหญ่	ตลอด	ไม่เคย	บางครั้ง	บางครั้ง	บางครั้ง	บางครั้ง	บางครั้ง
30/3/2026, 2:35:44	ที่พักแรมและบริการด้านอาหาร	25 — 34 ปี	ชาย	อยู่คนเดียว	20,001 — 30,000 บาท	6	1 — 2 ชั่วโมง	น้อย	น้อย	น้อย	1 — 2 คน	น้อย	ยาก	ไม่เลย	ไม่เลย	ไม่เลย	ตลอดเวลา	ตลอด	ไม่เคย	ส่วนใหญ่ของเวลา	ส่วนใหญ่ของเวลา	ส่วนใหญ่ของเวลา	ส่วนใหญ่ของเวลา	ส่วนใหญ่ของเวลา
30/3/2026, 2:40:21	การค้าส่ง ค้าปลีก และการซ่อมแซม	มากกว่า 45 ปี																						
30/3/2026, 2:43:58	การเงินและประกันภัย	18 — 24 ปี	หญิง	อยู่คนเดียว	80,001 — 150,000 บาท	9	1 — 2 ชั่วโมง	บ่อยครั้ง	บ่อยครั้ง	บ่อยมาก	3 — 5 คน	น้อย	ยาก	ไม่เลย	ไม่เลย	น้อยมาก	ตลอดเวลา	ตลอด	ไม่เคย	มากกว่าครึ่งหนึ่งของเวลา	มากกว่าครึ่งหนึ่งของเวลา	มากกว่าครึ่งหนึ่งของเวลา	มากกว่าครึ่งหนึ่งของเวลา	มากกว่าครึ่งหนึ่งของเวลา
30/3/2026, 2:55:42	ที่พักแรมและบริการด้านอาหาร	35 — 44 ปี	หญิง	อพาร์ทเม้นท์	30,001 — 50,000 บาท	5	1 — 2 ชั่วโมง	บ่อยครั้ง	บ่อยครั้ง	บางครั้ง	3 — 5 คน	น้อย	ยาก	ส่วนใหญ่	บ้าง	ตลอดเวลา	ไม่เลย	ไม่เคย	ตลอด	บางครั้ง	บางครั้ง	บางครั้ง	บางครั้ง	บางครั้ง
30/3/2026, 7:06:13	การขนส่งและคลังสินค้า	18 — 24 ปี	หญิง	อยู่คนเดียว	20,001 — 30,000 บาท	7	1 — 2 ชั่วโมง	น้อย	น้อย	น้อย	1 — 2 คน	น้อย	ยาก	ไม่เลย	ไม่เลย	ไม่เลย	ส่วนใหญ่	ตลอด	ไม่เคย	ส่วนใหญ่ของเวลา	ส่วนใหญ่ของเวลา	มากกว่าครึ่งหนึ่งของเวลา	ส่วนใหญ่ของเวลา	ส่วนใหญ่ของเวลา
30/3/2026, 7:18:41	สุขภาพและกิจกรรมทางสังคม	35 — 44 ปี	ชาย	อยู่กับครอบครัว / ผู้ปกครอง	50,001 — 80,000 บาท	7	1 — 2 ชั่วโมง	น้อย	น้อย	น้อย	ไม่มี	น้อย	ยาก	ไม่เลย	ไม่เลย	ไม่เลย	ส่วนใหญ่	ตลอด	ไม่เคย	ตลอด	ส่วนใหญ่ของเวลา	ส่วนใหญ่ของเวลา	ส่วนใหญ่ของเวลา	ส่วนใหญ่ของเวลา
30/3/2026, 7:24:46	การบริหารราชการและรัฐวิสาหกิจ	น้อยกว่า 18 ปี																						
30/3/2026, 8:31:55	สุขภาพและกิจกรรมทางสังคม	18 — 24 ปี	ชาย	บ้านเช่า	30,001 — 50,000 บาท	7	1 — 2 ชั่วโมง	น้อย	น้อย	น้อย	1 — 2 คน	น้อย	ยาก	น้อยมาก	น้อยมาก	บ้าง	ส่วนใหญ่	ตลอด	ไม่เคย	มากกว่าครึ่งหนึ่งของเวลา	มากกว่าครึ่งหนึ่งของเวลา	มากกว่าครึ่งหนึ่งของเวลา	มากกว่าครึ่งหนึ่งของเวลา	มากกว่าครึ่งหนึ่งของเวลา
30/3/2026, 9:38:03	ที่พักแรมและบริการด้านอาหาร	มากกว่า 45 ปี																						
30/3/2026, 9:47:48	การขนส่งและคลังสินค้า	18 — 24 ปี	ชาย	อยู่คนเดียว	30,001 — 50,000 บาท	5	1 — 2 ชั่วโมง	บางครั้ง	บางครั้ง	น้อย	1 — 2 คน	น้อย	ยาก	ส่วนใหญ่	ส่วนใหญ่	ส่วนใหญ่	น้อยมาก	ไม่เคย	ตลอด	มากกว่าครึ่งหนึ่งของเวลา	มากกว่าครึ่งหนึ่งของเวลา	มากกว่าครึ่งหนึ่งของเวลา	มากกว่าครึ่งหนึ่งของเวลา	มากกว่าครึ่งหนึ่งของเวลา
30/3/2026, 9:50:58	การเงินและประกันภัย	25 — 34 ปี	ชาย	อยู่คนเดียว	30,001 — 50,000 บาท	4	1 — 2 ชั่วโมง	บ่อยมาก	บ่อยมาก	บ่อยมาก	3 — 5 คน	มาก	เป็นไปได้	ส่วนใหญ่	ส่วนใหญ่	ส่วนใหญ่	ไม่เลย	ไม่เคย	ตลอด	บางครั้ง	บางครั้ง	บางครั้ง	บางครั้ง	บางครั้ง
30/3/2026, 18:23:08	นักเรียน/นักศึกษา																							
30/3/2026, 18:33:00	การศึกษา	35 — 44 ปี	หญิง	อยู่กับครอบครัว / ผู้ปกครอง	30,001 — 50,000 บาท	7	มากกว่า 6 ชั่วโมง	น้อย	บางครั้ง	บางครั้ง	มากกว่า 5 คน	มาก	ง่ายมาก	น้อยมาก	น้อยมาก	บ้าง	บ้าง	ตลอด	ไม่เคย	ตลอด	ตลอด	ตลอด	ส่วนใหญ่ของเวลา	ตลอด
30/3/2026, 18:45:30	การสื่อสารและเทคโนโลยีสารสนเทศ	18 — 24 ปี	หญิง	อยู่กับครอบครัว / ผู้ปกครอง	มากกว่า 150,000 บาท	6	4 — 6 ชั่วโมง	บางครั้ง	น้อย	น้อย	3 — 5 คน	ไม่เเน่ใจ	เป็นไปได้	บ้าง	บ้าง	ส่วนใหญ่	น้อยมาก	ตลอด	ตลอด	มากกว่าครึ่งหนึ่งของเวลา	ส่วนใหญ่ของเวลา	มากกว่าครึ่งหนึ่งของเวลา	น้อยกว่าครึ่งหนึ่งของเวลา	น้อยกว่าครึ่งหนึ่งของเวลา
30/3/2026, 18:58:59	Cafe	25 — 34 ปี	หญิง	อยู่กับครอบครัว / ผู้ปกครอง	20,001 — 30,000 บาท	8	2 — 4 ชั่วโมง	บางครั้ง	น้อย	น้อย	มากกว่า 5 คน	ไม่เเน่ใจ	ง่าย	บ้าง	ไม่เลย	บ้าง	บ้าง	ตลอด	ตลอด	มากกว่าครึ่งหนึ่งของเวลา	ส่วนใหญ่ของเวลา	ส่วนใหญ่ของเวลา	ส่วนใหญ่ของเวลา	ส่วนใหญ่ของเวลา
30/3/2026, 19:08:28	การศึกษา	18 — 24 ปี	หญิง	อยู่คนเดียว	10,000 — 20,000 บาท	7	4 — 6 ชั่วโมง	น้อย	น้อย	น้อย	1 — 2 คน	ไม่เเน่ใจ	เป็นไปได้	ไม่เลย	ไม่เลย	บ้าง	น้อยมาก	ตลอด	ไม่เคย	มากกว่าครึ่งหนึ่งของเวลา	มากกว่าครึ่งหนึ่งของเวลา	มากกว่าครึ่งหนึ่งของเวลา	น้อยกว่าครึ่งหนึ่งของเวลา	น้อยกว่าครึ่งหนึ่งของเวลา
30/3/2026, 19:19:51	การศึกษา	35 — 44 ปี	หญิง	อยู่กับครอบครัว / ผู้ปกครอง	20,001 — 30,000 บาท	7	2 — 4 ชั่วโมง	น้อย	น้อย	น้อย	มากกว่า 5 คน	ไม่เเน่ใจ	ยากมาก	น้อยมาก	บ้าง	น้อยมาก	บ้าง	ไม่เคย	ตลอด	ตลอด	ส่วนใหญ่ของเวลา	ส่วนใหญ่ของเวลา	ส่วนใหญ่ของเวลา	ส่วนใหญ่ของเวลา
30/3/2026, 19:25:47	การเงินและประกันภัย	25 — 34 ปี	หญิง	อยู่กับครอบครัว / ผู้ปกครอง	30,001 — 50,000 บาท	6	4 — 6 ชั่วโมง	บ่อยครั้ง	บ่อยครั้ง	บางครั้ง	มากกว่า 5 คน	มาก	เป็นไปได้	น้อยมาก	บ้าง	บ้าง	น้อยมาก	ตลอด	ตลอด	ส่วนใหญ่ของเวลา	ส่วนใหญ่ของเวลา	ส่วนใหญ่ของเวลา	ส่วนใหญ่ของเวลา	ส่วนใหญ่ของเวลา
30/3/2026, 19:27:44	นักเรียน/นักศึกษา																							
30/3/2026, 19:29:24	ศาลยุติธรรม	มากกว่า 45 ปี																						
30/3/2026, 19:31:37	ศาลยุติธรรม	มากกว่า 45 ปี																						
30/3/2026, 19:48:27	สุขภาพและกิจกรรมทางสังคม	35 — 44 ปี	หญิง	อยู่กับเพื่อน / คู่รัก / แชร์ที่พัก	30,001 — 50,000 บาท	5	มากกว่า 6 ชั่วโมง	บ่อยครั้ง	บ่อยครั้ง	ไม่เคย	3 — 5 คน	ไม่เเน่ใจ	ง่ายมาก	ส่วนใหญ่	น้อยมาก	น้อยมาก	ส่วนใหญ่	ไม่เคย	ตลอด	ตลอด	ตลอด	ตลอด	ตลอด	ตลอด
30/3/2026, 19:56:38	สาธารณสุข	35 — 44 ปี	หญิง	อยู่คนเดียว	20,001 — 30,000 บาท	5	มากกว่า 6 ชั่วโมง	บางครั้ง	บ่อยครั้ง	บ่อยครั้ง	1 — 2 คน	มาก	ง่ายมาก	ส่วนใหญ่	บ้าง	ตลอดเวลา	ตลอดเวลา	ไม่เคย	ไม่เคย	น้อยกว่าครึ่งหนึ่งของเวลา	บางครั้ง	น้อยกว่าครึ่งหนึ่งของเวลา	บางครั้ง	บางครั้ง
30/3/2026, 20:04:49	สุขภาพและกิจกรรมทางสังคม	35 — 44 ปี	หญิง	อยู่กับครอบครัว / ผู้ปกครอง	30,001 — 50,000 บาท	6	4 — 6 ชั่วโมง	บางครั้ง	น้อย	บ่อยครั้ง	3 — 5 คน	ไม่เเน่ใจ	เป็นไปได้	บ้าง	น้อยมาก	บ้าง	น้อยมาก	ไม่เคย	ตลอด	มากกว่าครึ่งหนึ่งของเวลา	น้อยกว่าครึ่งหนึ่งของเวลา	น้อยกว่าครึ่งหนึ่งของเวลา	น้อยกว่าครึ่งหนึ่งของเวลา	น้อยกว่าครึ่งหนึ่งของเวลา
30/3/2026, 20:26:34	ประชาชน	35 — 44 ปี	หญิง	อยู่กับครอบครัว / ผู้ปกครอง	น้อยกว่า 10,000 บาท	4	1 — 2 ชั่วโมง	บางครั้ง	บางครั้ง	บางครั้ง	1 — 2 คน	ไม่เเน่ใจ	เป็นไปได้	บ้าง	บ้าง	บ้าง	บ้าง	ไม่เคย	ตลอด	มากกว่าครึ่งหนึ่งของเวลา	มากกว่าครึ่งหนึ่งของเวลา	ส่วนใหญ่ของเวลา	ส่วนใหญ่ของเวลา	ส่วนใหญ่ของเวลา
30/3/2026, 20:38:57	การบริหารราชการและรัฐวิสาหกิจ	35 — 44 ปี	หญิง	อยู่กับครอบครัว / ผู้ปกครอง	30,001 — 50,000 บาท	5	4 — 6 ชั่วโมง	บ่อยครั้ง	บ่อยครั้ง	บ่อยครั้ง	3 — 5 คน	ไม่เเน่ใจ	ง่าย	น้อยมาก	น้อยมาก	น้อยมาก	บ้าง	ไม่เคย	ไม่เคย	มากกว่าครึ่งหนึ่งของเวลา	น้อยกว่าครึ่งหนึ่งของเวลา	น้อยกว่าครึ่งหนึ่งของเวลา	น้อยกว่าครึ่งหนึ่งของเวลา	มากกว่าครึ่งหนึ่งของเวลา
30/3/2026, 20:47:08	การศึกษา	18 — 24 ปี	หญิง	อยู่กับครอบครัว / ผู้ปกครอง	น้อยกว่า 10,000 บาท	6	4 — 6 ชั่วโมง	น้อย	บางครั้ง	น้อย	1 — 2 คน	น้อย	เป็นไปได้	ส่วนใหญ่	ตลอดเวลา	ตลอดเวลา	น้อยมาก	ไม่เคย	ตลอด	น้อยกว่าครึ่งหนึ่งของเวลา	บางครั้ง	น้อยกว่าครึ่งหนึ่งของเวลา	บางครั้ง	บางครั้ง
31/3/2026, 15:56:08	สุขภาพและกิจกรรมทางสังคม	25 — 34 ปี	หญิง	อยู่กับครอบครัว / ผู้ปกครอง	30,001 — 50,000 บาท	6	4 — 6 ชั่วโมง	น้อย	น้อย	บ่อยครั้ง	3 — 5 คน	ไม่เเน่ใจ	ยาก	ส่วนใหญ่	บ้าง	ส่วนใหญ่	บ้าง	ตลอด	ตลอด	มากกว่าครึ่งหนึ่งของเวลา	มากกว่าครึ่งหนึ่งของเวลา	น้อยกว่าครึ่งหนึ่งของเวลา	มากกว่าครึ่งหนึ่งของเวลา	มากกว่าครึ่งหนึ่งของเวลา
31/3/2026, 16:03:37	การบริหารราชการและรัฐวิสาหกิจ	18 — 24 ปี	หญิง	อยู่คนเดียว	10,000 — 20,000 บาท	5	2 — 4 ชั่วโมง	น้อย	บ่อยครั้ง	บ่อยมาก	มากกว่า 5 คน	มากที่สุด	ง่าย	บ้าง	ไม่เลย	บ้าง	ส่วนใหญ่	ตลอด	ไม่เคย	ส่วนใหญ่ของเวลา	มากกว่าครึ่งหนึ่งของเวลา	น้อยกว่าครึ่งหนึ่งของเวลา	มากกว่าครึ่งหนึ่งของเวลา	ตลอด
31/3/2026, 16:13:50	การศึกษา	18 — 24 ปี	ชาย	อยู่คนเดียว	30,001 — 50,000 บาท	6	4 — 6 ชั่วโมง	น้อย	น้อย	บางครั้ง	3 — 5 คน	ไม่เเน่ใจ	ง่าย	ไม่เลย	น้อยมาก	น้อยมาก	บ้าง	ไม่เคย	ตลอด	บางครั้ง	บางครั้ง	บางครั้ง	บางครั้ง	บางครั้ง
31/3/2026, 16:17:31	นักเรียน/นักศึกษา																							
31/3/2026, 16:28:16	สุขภาพและกิจกรรมทางสังคม	25 — 34 ปี	หญิง	อยู่กับครอบครัว / ผู้ปกครอง	20,001 — 30,000 บาท	6	2 — 4 ชั่วโมง	บางครั้ง	บ่อยครั้ง	บางครั้ง	3 — 5 คน	มาก	ง่ายมาก	น้อยมาก	บ้าง	ส่วนใหญ่	บ้าง	ตลอด	ตลอด	ส่วนใหญ่ของเวลา	มากกว่าครึ่งหนึ่งของเวลา	มากกว่าครึ่งหนึ่งของเวลา	มากกว่าครึ่งหนึ่งของเวลา	ส่วนใหญ่ของเวลา
31/3/2026, 16:39:44	สุขภาพและกิจกรรมทางสังคม	25 — 34 ปี	หญิง	อยู่กับครอบครัว / ผู้ปกครอง	10,000 — 20,000 บาท	6	4 — 6 ชั่วโมง	บ่อยครั้ง	บ่อยมาก	บ่อยครั้ง	มากกว่า 5 คน	มาก	เป็นไปได้	บ้าง	น้อยมาก	บ้าง	บ้าง	ไม่เคย	ตลอด	ส่วนใหญ่ของเวลา	ส่วนใหญ่ของเวลา	มากกว่าครึ่งหนึ่งของเวลา	มากกว่าครึ่งหนึ่งของเวลา	มากกว่าครึ่งหนึ่งของเวลา
31/3/2026, 16:41:51	นักเรียน/นักศึกษา																							
31/3/2026, 16:49:13	อุตสาหกรรมการผลิตและโรงงาน	25 — 34 ปี	หญิง	อยู่กับครอบครัว / ผู้ปกครอง	30,001 — 50,000 บาท	5	2 — 4 ชั่วโมง	บ่อยมาก	บางครั้ง	น้อย	ไม่มี	ไม่เเน่ใจ	ยาก	ไม่เลย	ไม่เลย	บ้าง	น้อยมาก	ตลอด	ตลอด	ตลอด	ตลอด	มากกว่าครึ่งหนึ่งของเวลา	มากกว่าครึ่งหนึ่งของเวลา	ตลอด
31/3/2026, 21:32:05	ช่างช่อม	มากกว่า 45 ปี																						
31/3/2026, 21:37:43	การศึกษา	35 — 44 ปี	หญิง	อยู่คนเดียว	30,001 — 50,000 บาท	7	2 — 4 ชั่วโมง	ไม่เคย	น้อย	บางครั้ง	มากกว่า 5 คน	มาก	ง่ายมาก	น้อยมาก	บ้าง	บ้าง	บ้าง	ตลอด	ตลอด	มากกว่าครึ่งหนึ่งของเวลา	มากกว่าครึ่งหนึ่งของเวลา	น้อยกว่าครึ่งหนึ่งของเวลา	น้อยกว่าครึ่งหนึ่งของเวลา	บางครั้ง
31/3/2026, 21:50:25	การศึกษา	35 — 44 ปี	หญิง	อยู่คนเดียว	10,000 — 20,000 บาท	8	4 — 6 ชั่วโมง	บางครั้ง	บางครั้ง	บางครั้ง	1 — 2 คน	มาก	ง่าย	บ้าง	น้อยมาก	น้อยมาก	บ้าง	ตลอด	ตลอด	น้อยกว่าครึ่งหนึ่งของเวลา	บางครั้ง	น้อยกว่าครึ่งหนึ่งของเวลา	น้อยกว่าครึ่งหนึ่งของเวลา	น้อยกว่าครึ่งหนึ่งของเวลา
31/3/2026, 21:53:10	ช่างช่อม	มากกว่า 45 ปี																						
1/4/2026, 20:06:40	นักเรียน/นักศึกษา																							
1/4/2026, 20:14:45	การศึกษา	18 — 24 ปี	ชาย	อยู่กับครอบครัว / ผู้ปกครอง	20,001 — 30,000 บาท	7	2 — 4 ชั่วโมง	น้อย	บ่อยครั้ง	บางครั้ง	มากกว่า 5 คน	ไม่เเน่ใจ	ง่าย	น้อยมาก	น้อยมาก	น้อยมาก	ส่วนใหญ่	ตลอด	ตลอด	มากกว่าครึ่งหนึ่งของเวลา	มากกว่าครึ่งหนึ่งของเวลา	มากกว่าครึ่งหนึ่งของเวลา	น้อยกว่าครึ่งหนึ่งของเวลา	น้อยกว่าครึ่งหนึ่งของเวลา
2/4/2026, 14:49:33	สุขภาพและกิจกรรมทางสังคม	25 — 34 ปี	หญิง	อยู่คนเดียว	20,001 — 30,000 บาท	7	4 — 6 ชั่วโมง	น้อย	บ่อยครั้ง	น้อย	3 — 5 คน	ไม่เเน่ใจ	เป็นไปได้	น้อยมาก	บ้าง	บ้าง	บ้าง	ตลอด	ไม่เคย	มากกว่าครึ่งหนึ่งของเวลา	ส่วนใหญ่ของเวลา	มากกว่าครึ่งหนึ่งของเวลา	น้อยกว่าครึ่งหนึ่งของเวลา	น้อยกว่าครึ่งหนึ่งของเวลา
3/4/2026, 9:54:58	นักเรียน/นักศึกษา																							
4/4/2026, 7:24:05	การค้าส่ง ค้าปลีก และการซ่อมแซม	มากกว่า 45 ปี																						
4/4/2026, 7:36:52	ที่พักแรมและบริการด้านอาหาร	25 — 34 ปี	หญิง	อยู่คนเดียว	30,001 — 50,000 บาท	5	2 — 4 ชั่วโมง	บ่อยมาก	บ่อยมาก	บ่อยมาก	1 — 2 คน	น้อย	ยาก	ส่วนใหญ่	ส่วนใหญ่	ส่วนใหญ่	น้อยมาก	ไม่เคย	ตลอด	บางครั้ง	บางครั้ง	บางครั้ง	บางครั้ง	บางครั้ง
4/4/2026, 7:45:28	การค้าส่ง ค้าปลีก และการซ่อมแซม	35 — 44 ปี	หญิง	อยู่กับเพื่อน / คู่รัก / แชร์ที่พัก	20,001 — 30,000 บาท	6	1 — 2 ชั่วโมง	น้อย	น้อย	น้อย	1 — 2 คน	น้อย	ยาก	ไม่เลย	ไม่เลย	ไม่เลย	ส่วนใหญ่	ตลอด	ไม่เคย	ส่วนใหญ่ของเวลา	ส่วนใหญ่ของเวลา	ส่วนใหญ่ของเวลา	ส่วนใหญ่ของเวลา	ส่วนใหญ่ของเวลา
4/4/2026, 8:17:45	การศึกษา	35 — 44 ปี	หญิง	อยู่คนเดียว	30,001 — 50,000 บาท	4	1 — 2 ชั่วโมง	บางครั้ง	น้อย	น้อย	มากกว่า 5 คน	น้อย	เป็นไปได้	ตลอดเวลา	ส่วนใหญ่	ตลอดเวลา	ไม่เลย	ไม่เคย	ตลอด	น้อยกว่าครึ่งหนึ่งของเวลา	น้อยกว่าครึ่งหนึ่งของเวลา	น้อยกว่าครึ่งหนึ่งของเวลา	น้อยกว่าครึ่งหนึ่งของเวลา	น้อยกว่าครึ่งหนึ่งของเวลา
4/4/2026, 8:38:51	การเงินและประกันภัย	25 — 34 ปี	หญิง	อยู่คนเดียว	50,001 — 80,000 บาท	7	1 — 2 ชั่วโมง	ไม่เคย	ไม่เคย	ไม่เคย	ไม่มี	น้อย	ยาก	ไม่เลย	ไม่เลย	ไม่เลย	ส่วนใหญ่	ตลอด	ไม่เคย	ส่วนใหญ่ของเวลา	ส่วนใหญ่ของเวลา	มากกว่าครึ่งหนึ่งของเวลา	ส่วนใหญ่ของเวลา	ส่วนใหญ่ของเวลา
4/4/2026, 8:39:52	สุขภาพและกิจกรรมทางสังคม	35 — 44 ปี	ชาย	บ้านเช่า	30,001 — 50,000 บาท	5	1 — 2 ชั่วโมง	บ่อยครั้ง	บ่อยครั้ง	บางครั้ง	3 — 5 คน	น้อย	ยาก	ตลอดเวลา	ส่วนใหญ่	ส่วนใหญ่	น้อยมาก	ไม่เคย	ตลอด	ส่วนใหญ่ของเวลา	มากกว่าครึ่งหนึ่งของเวลา	ส่วนใหญ่ของเวลา	มากกว่าครึ่งหนึ่งของเวลา	มากกว่าครึ่งหนึ่งของเวลา
4/4/2026, 8:49:17	การค้าส่ง ค้าปลีก และการซ่อมแซม	35 — 44 ปี	หญิง	อยู่กับครอบครัว / ผู้ปกครอง	30,001 — 50,000 บาท	5	2 — 4 ชั่วโมง	บ่อยมาก	บ่อยมาก	บ่อยมาก	1 — 2 คน	น้อย	ยาก	ส่วนใหญ่	ส่วนใหญ่	ส่วนใหญ่	ไม่เลย	ไม่เคย	ตลอด	บางครั้ง	บางครั้ง	บางครั้ง	บางครั้ง	บางครั้ง
4/4/2026, 8:58:30	การสื่อสารและเทคโนโลยีสารสนเทศ	มากกว่า 45 ปี																						
4/4/2026, 8:59:26	การค้าส่ง ค้าปลีก และการซ่อมแซม	35 — 44 ปี	ชาย	อยู่กับครอบครัว / ผู้ปกครอง	50,001 — 80,000 บาท	9	1 — 2 ชั่วโมง	บ่อยครั้ง	บ่อยครั้ง	บ่อยมาก	1 — 2 คน	น้อย	ยาก	ไม่เลย	ไม่เลย	ไม่เลย	ตลอดเวลา	ตลอด	ไม่เคย	น้อยกว่าครึ่งหนึ่งของเวลา	น้อยกว่าครึ่งหนึ่งของเวลา	น้อยกว่าครึ่งหนึ่งของเวลา	น้อยกว่าครึ่งหนึ่งของเวลา	น้อยกว่าครึ่งหนึ่งของเวลา
4/4/2026, 8:59:47	อุตสาหกรรมการผลิตและโรงงาน	35 — 44 ปี	ชาย	อยู่กับครอบครัว / ผู้ปกครอง	30,001 — 50,000 บาท	4	1 — 2 ชั่วโมง	บ่อยครั้ง	บ่อยครั้ง	บ่อยมาก	1 — 2 คน	น้อย	ยาก	ส่วนใหญ่	ส่วนใหญ่	ส่วนใหญ่	น้อยมาก	ไม่เคย	ตลอด	บางครั้ง	บางครั้ง	บางครั้ง	บางครั้ง	บางครั้ง
4/4/2026, 10:01:38	อุตสาหกรรมการผลิตและโรงงาน	35 — 44 ปี	ชาย	บ้านเช่า	50,001 — 80,000 บาท	8	1 — 2 ชั่วโมง	บ่อยครั้ง	บ่อยครั้ง	บ่อยมาก	3 — 5 คน	มาก	ง่าย	ไม่เลย	ไม่เลย	ไม่เลย	ส่วนใหญ่	ตลอด	ไม่เคย	บางครั้ง	บางครั้ง	บางครั้ง	บางครั้ง	บางครั้ง
4/4/2026, 10:03:39	การสื่อสารและเทคโนโลยีสารสนเทศ	18 — 24 ปี	ชาย	อยู่กับเพื่อน / คู่รัก / แชร์ที่พัก	30,001 — 50,000 บาท	6	1 — 2 ชั่วโมง	น้อย	น้อย	น้อย	3 — 5 คน	น้อย	ยาก	น้อยมาก	น้อยมาก	น้อยมาก	ตลอดเวลา	ตลอด	ไม่เคย	มากกว่าครึ่งหนึ่งของเวลา	มากกว่าครึ่งหนึ่งของเวลา	มากกว่าครึ่งหนึ่งของเวลา	มากกว่าครึ่งหนึ่งของเวลา	มากกว่าครึ่งหนึ่งของเวลา
4/4/2026, 10:24:34	การเงินและประกันภัย	35 — 44 ปี	ชาย	อยู่กับครอบครัว / ผู้ปกครอง	50,001 — 80,000 บาท	8	1 — 2 ชั่วโมง	บางครั้ง	น้อย	บ่อยครั้ง	3 — 5 คน	น้อย	ยากมาก	ไม่เลย	น้อยมาก	ส่วนใหญ่	ตลอดเวลา	ตลอด	ไม่เคย	มากกว่าครึ่งหนึ่งของเวลา	มากกว่าครึ่งหนึ่งของเวลา	ส่วนใหญ่ของเวลา	ส่วนใหญ่ของเวลา	ส่วนใหญ่ของเวลา
4/4/2026, 10:43:44	การเงินและประกันภัย	35 — 44 ปี	หญิง	อยู่กับครอบครัว / ผู้ปกครอง	30,001 — 50,000 บาท	5	1 — 2 ชั่วโมง	บางครั้ง	น้อย	น้อย	3 — 5 คน	มาก	เป็นไปได้	ส่วนใหญ่	ส่วนใหญ่	ตลอดเวลา	น้อยมาก	ไม่เคย	ตลอด	บางครั้ง	บางครั้ง	บางครั้ง	บางครั้ง	บางครั้ง
4/4/2026, 10:45:50	อุตสาหกรรมการผลิตและโรงงาน	25 — 34 ปี	หญิง	อยู่กับเพื่อน / คู่รัก / แชร์ที่พัก	30,001 — 50,000 บาท	5	1 — 2 ชั่วโมง	บางครั้ง	น้อย	น้อย	1 — 2 คน	น้อย	เป็นไปได้	ส่วนใหญ่	ส่วนใหญ่	ส่วนใหญ่	ไม่เลย	ไม่เคย	ตลอด	บางครั้ง	น้อยกว่าครึ่งหนึ่งของเวลา	บางครั้ง	น้อยกว่าครึ่งหนึ่งของเวลา	น้อยกว่าครึ่งหนึ่งของเวลา
4/4/2026, 11:47:23	การค้าส่ง ค้าปลีก และการซ่อมแซม	18 — 24 ปี	หญิง	อยู่คนเดียว	20,001 — 30,000 บาท	4	2 — 4 ชั่วโมง	บ่อยมาก	บ่อยมาก	บ่อยมาก	3 — 5 คน	น้อย	ยาก	ส่วนใหญ่	ส่วนใหญ่	ตลอดเวลา	น้อยมาก	ไม่เคย	ตลอด	น้อยกว่าครึ่งหนึ่งของเวลา	น้อยกว่าครึ่งหนึ่งของเวลา	น้อยกว่าครึ่งหนึ่งของเวลา	น้อยกว่าครึ่งหนึ่งของเวลา	น้อยกว่าครึ่งหนึ่งของเวลา
4/4/2026, 11:47:28	การค้าส่ง ค้าปลีก และการซ่อมแซม	25 — 34 ปี	ชาย	อยู่กับครอบครัว / ผู้ปกครอง	80,001 — 150,000 บาท	9	1 — 2 ชั่วโมง	น้อย	น้อย	น้อย	1 — 2 คน	น้อย	ยาก	ไม่เลย	ไม่เลย	น้อยมาก	ส่วนใหญ่	ตลอด	ไม่เคย	ส่วนใหญ่ของเวลา	ส่วนใหญ่ของเวลา	ส่วนใหญ่ของเวลา	ส่วนใหญ่ของเวลา	ส่วนใหญ่ของเวลา
5/4/2026, 10:53:31	การสื่อสารและเทคโนโลยีสารสนเทศ	25 — 34 ปี	หญิง	อยู่กับครอบครัว / ผู้ปกครอง	50,001 — 80,000 บาท	9	1 — 2 ชั่วโมง	น้อย	น้อย	บางครั้ง	1 — 2 คน	น้อย	ยาก	น้อยมาก	น้อยมาก	น้อยมาก	ส่วนใหญ่	ตลอด	ไม่เคย	ส่วนใหญ่ของเวลา	มากกว่าครึ่งหนึ่งของเวลา	มากกว่าครึ่งหนึ่งของเวลา	มากกว่าครึ่งหนึ่งของเวลา	ส่วนใหญ่ของเวลา
5/4/2026, 10:53:39	การค้าส่ง ค้าปลีก และการซ่อมแซม	18 — 24 ปี	ชาย	อยู่กับเพื่อน / คู่รัก / แชร์ที่พัก	30,001 — 50,000 บาท	7	1 — 2 ชั่วโมง	ไม่เคย	น้อย	ไม่เคย	ไม่มี	น้อย	ยาก	ไม่เลย	ไม่เลย	ไม่เลย	ตลอดเวลา	ตลอด	ไม่เคย	ส่วนใหญ่ของเวลา	ส่วนใหญ่ของเวลา	ส่วนใหญ่ของเวลา	ส่วนใหญ่ของเวลา	ส่วนใหญ่ของเวลา
5/4/2026, 10:54:25	การค้าส่ง ค้าปลีก และการซ่อมแซม	35 — 44 ปี	หญิง	อยู่กับเพื่อน / คู่รัก / แชร์ที่พัก	30,001 — 50,000 บาท	5	1 — 2 ชั่วโมง	น้อย	น้อย	น้อย	1 — 2 คน	น้อย	ยาก	ตลอดเวลา	ส่วนใหญ่	ตลอดเวลา	ไม่เลย	ไม่เคย	ตลอด	บางครั้ง	บางครั้ง	บางครั้ง	บางครั้ง	บางครั้ง
5/4/2026, 10:59:36	นักเรียน/นักศึกษา																							
5/4/2026, 11:13:37	อุตสาหกรรมการผลิตและโรงงาน	35 — 44 ปี	หญิง	คอนโด	30,001 — 50,000 บาท	4	1 — 2 ชั่วโมง	บางครั้ง	น้อย	น้อย	3 — 5 คน	น้อย	ยาก	ส่วนใหญ่	ส่วนใหญ่	ส่วนใหญ่	ไม่เลย	ไม่เคย	ตลอด	น้อยกว่าครึ่งหนึ่งของเวลา	น้อยกว่าครึ่งหนึ่งของเวลา	น้อยกว่าครึ่งหนึ่งของเวลา	น้อยกว่าครึ่งหนึ่งของเวลา	น้อยกว่าครึ่งหนึ่งของเวลา
5/4/2026, 11:14:48	สุขภาพและกิจกรรมทางสังคม	18 — 24 ปี	หญิง	บ้านเช่า	50,001 — 80,000 บาท	9	2 — 4 ชั่วโมง	บ่อยมาก	บ่อยมาก	บ่อยมาก	3 — 5 คน	มาก	ง่าย	น้อยมาก	น้อยมาก	น้อยมาก	ส่วนใหญ่	ตลอด	ไม่เคย	บางครั้ง	บางครั้ง	บางครั้ง	บางครั้ง	บางครั้ง
5/4/2026, 11:33:44	การศึกษา	35 — 44 ปี	ชาย	อยู่คนเดียว	10,000 — 20,000 บาท	3	1 — 2 ชั่วโมง	บ่อยครั้ง	บ่อยครั้ง	บางครั้ง	3 — 5 คน	น้อย	เป็นไปได้	ส่วนใหญ่	บ้าง	ส่วนใหญ่	ไม่เลย	ไม่เคย	ตลอด	น้อยกว่าครึ่งหนึ่งของเวลา	น้อยกว่าครึ่งหนึ่งของเวลา	บางครั้ง	บางครั้ง	บางครั้ง
5/4/2026, 11:33:51	การขนส่งและคลังสินค้า	18 — 24 ปี	หญิง	อยู่กับครอบครัว / ผู้ปกครอง	มากกว่า 150,000 บาท	10	1 — 2 ชั่วโมง	น้อย	น้อย	น้อย	1 — 2 คน	น้อย	ยาก	ไม่เลย	ไม่เลย	ไม่เลย	ตลอดเวลา	ตลอด	ไม่เคย	ส่วนใหญ่ของเวลา	ส่วนใหญ่ของเวลา	มากกว่าครึ่งหนึ่งของเวลา	มากกว่าครึ่งหนึ่งของเวลา	ส่วนใหญ่ของเวลา
5/4/2026, 12:37:25	การศึกษา	18 — 24 ปี	หญิง	อยู่คนเดียว	30,001 — 50,000 บาท	4	1 — 2 ชั่วโมง	บ่อยครั้ง	บางครั้ง	น้อย	3 — 5 คน	มาก	เป็นไปได้	ตลอดเวลา	ส่วนใหญ่	ตลอดเวลา	ไม่เลย	ไม่เคย	ตลอด	ส่วนใหญ่ของเวลา	มากกว่าครึ่งหนึ่งของเวลา	มากกว่าครึ่งหนึ่งของเวลา	มากกว่าครึ่งหนึ่งของเวลา	มากกว่าครึ่งหนึ่งของเวลา
5/4/2026, 12:45:49	การค้าส่ง ค้าปลีก และการซ่อมแซม	25 — 34 ปี	หญิง	อพาร์ทเม้นท์	50,001 — 80,000 บาท	9	1 — 2 ชั่วโมง	ไม่เคย	น้อย	น้อย	ไม่มี	น้อย	ยาก	ไม่เลย	ไม่เลย	น้อยมาก	ตลอดเวลา	ตลอด	ไม่เคย	ส่วนใหญ่ของเวลา	ส่วนใหญ่ของเวลา	ส่วนใหญ่ของเวลา	ส่วนใหญ่ของเวลา	ส่วนใหญ่ของเวลา
5/4/2026, 12:58:43	อุตสาหกรรมการผลิตและโรงงาน	35 — 44 ปี	หญิง	บ้านเช่า	20,001 — 30,000 บาท	4	1 — 2 ชั่วโมง	น้อย	น้อย	น้อย	1 — 2 คน	น้อย	ยาก	ตลอดเวลา	ส่วนใหญ่	ส่วนใหญ่	ไม่เลย	ไม่เคย	ตลอด	บางครั้ง	น้อยกว่าครึ่งหนึ่งของเวลา	น้อยกว่าครึ่งหนึ่งของเวลา	น้อยกว่าครึ่งหนึ่งของเวลา	น้อยกว่าครึ่งหนึ่งของเวลา
5/4/2026, 13:06:11	การค้าส่ง ค้าปลีก และการซ่อมแซม	35 — 44 ปี	ชาย	อยู่คนเดียว	10,000 — 20,000 บาท	1	1 — 2 ชั่วโมง	บางครั้ง	บางครั้ง	บางครั้ง	1 — 2 คน	น้อย	ยาก	ส่วนใหญ่	ส่วนใหญ่	ส่วนใหญ่	น้อยมาก	ไม่เคย	ตลอด	น้อยกว่าครึ่งหนึ่งของเวลา	น้อยกว่าครึ่งหนึ่งของเวลา	น้อยกว่าครึ่งหนึ่งของเวลา	น้อยกว่าครึ่งหนึ่งของเวลา	น้อยกว่าครึ่งหนึ่งของเวลา
5/4/2026, 13:57:34	การสื่อสารและเทคโนโลยีสารสนเทศ	35 — 44 ปี	หญิง	อยู่กับครอบครัว / ผู้ปกครอง	30,001 — 50,000 บาท	4	1 — 2 ชั่วโมง	บ่อยมาก	บ่อยมาก	บ่อยมาก	3 — 5 คน	มาก	เป็นไปได้	ส่วนใหญ่	ส่วนใหญ่	ตลอดเวลา	น้อยมาก	ไม่เคย	ตลอด	บางครั้ง	บางครั้ง	บางครั้ง	บางครั้ง	บางครั้ง
5/4/2026, 14:07:46	อุตสาหกรรมการผลิตและโรงงาน	25 — 34 ปี	หญิง	อยู่กับครอบครัว / ผู้ปกครอง	80,001 — 150,000 บาท	7	1 — 2 ชั่วโมง	ไม่เคย	ไม่เคย	ไม่เคย	1 — 2 คน	น้อย	ยาก	ไม่เลย	ไม่เลย	ไม่เลย	ตลอดเวลา	ตลอด	ไม่เคย	ส่วนใหญ่ของเวลา	ส่วนใหญ่ของเวลา	ส่วนใหญ่ของเวลา	ส่วนใหญ่ของเวลา	ส่วนใหญ่ของเวลา
5/4/2026, 14:29:52	การศึกษา	18 — 24 ปี	หญิง	อยู่คนเดียว	50,001 — 80,000 บาท	8	1 — 2 ชั่วโมง	บ่อยมาก	บ่อยมาก	บ่อยมาก	1 — 2 คน	น้อย	ยาก	ไม่เลย	ไม่เลย	ไม่เลย	ตลอดเวลา	ตลอด	ไม่เคย	บางครั้ง	บางครั้ง	บางครั้ง	บางครั้ง	บางครั้ง
5/4/2026, 14:57:29	การค้าส่ง ค้าปลีก และการซ่อมแซม	18 — 24 ปี	ชาย	อยู่คนเดียว	30,001 — 50,000 บาท	6	1 — 2 ชั่วโมง	น้อย	น้อย	น้อย	1 — 2 คน	น้อย	ยาก	ไม่เลย	ไม่เลย	ไม่เลย	ส่วนใหญ่	ตลอด	ไม่เคย	ส่วนใหญ่ของเวลา	ส่วนใหญ่ของเวลา	ส่วนใหญ่ของเวลา	ส่วนใหญ่ของเวลา	ส่วนใหญ่ของเวลา
5/4/2026, 15:19:19	การบริหารราชการและรัฐวิสาหกิจ	25 — 34 ปี	หญิง	อยู่กับเพื่อน / คู่รัก / แชร์ที่พัก	30,001 — 50,000 บาท	4	2 — 4 ชั่วโมง	บ่อยครั้ง	บางครั้ง	บางครั้ง	3 — 5 คน	น้อย	ยาก	ตลอดเวลา	ส่วนใหญ่	ตลอดเวลา	น้อยมาก	ไม่เคย	ตลอด	บางครั้ง	บางครั้ง	บางครั้ง	บางครั้ง	บางครั้ง
5/4/2026, 15:23:42	การสื่อสารและเทคโนโลยีสารสนเทศ	35 — 44 ปี	หญิง	หอพัก	30,001 — 50,000 บาท	7	1 — 2 ชั่วโมง	น้อย	น้อย	น้อย	1 — 2 คน	น้อย	ยาก	ไม่เลย	ไม่เลย	ไม่เลย	ตลอดเวลา	ตลอด	ไม่เคย	ส่วนใหญ่ของเวลา	ส่วนใหญ่ของเวลา	ส่วนใหญ่ของเวลา	ส่วนใหญ่ของเวลา	ส่วนใหญ่ของเวลา
5/4/2026, 15:35:36	การสื่อสารและเทคโนโลยีสารสนเทศ	35 — 44 ปี	ชาย	อยู่กับครอบครัว / ผู้ปกครอง	80,001 — 150,000 บาท	7	2 — 4 ชั่วโมง	บ่อยครั้ง	บ่อยมาก	บ่อยครั้ง	1 — 2 คน	น้อย	ยาก	ไม่เลย	ไม่เลย	ไม่เลย	ตลอดเวลา	ตลอด	ไม่เคย	บางครั้ง	บางครั้ง	บางครั้ง	บางครั้ง	บางครั้ง
5/4/2026, 16:22:19	การสื่อสารและเทคโนโลยีสารสนเทศ	35 — 44 ปี	หญิง	คอนโด	50,001 — 80,000 บาท	8	1 — 2 ชั่วโมง	บ่อยครั้ง	บ่อยมาก	บ่อยครั้ง	3 — 5 คน	น้อย	ยาก	ไม่เลย	ไม่เลย	น้อยมาก	ส่วนใหญ่	ตลอด	ไม่เคย	บางครั้ง	น้อยกว่าครึ่งหนึ่งของเวลา	น้อยกว่าครึ่งหนึ่งของเวลา	น้อยกว่าครึ่งหนึ่งของเวลา	น้อยกว่าครึ่งหนึ่งของเวลา
5/4/2026, 16:29:29	ไรเดอร์ส่งอาหาร	35 — 44 ปี	ชาย	อยู่กับครอบครัว / ผู้ปกครอง	30,001 — 50,000 บาท	6	2 — 4 ชั่วโมง	บ่อยครั้ง	บ่อยมาก	บ่อยมาก	3 — 5 คน	มาก	เป็นไปได้	ไม่เลย	ไม่เลย	น้อยมาก	ตลอดเวลา	ตลอด	ไม่เคย	น้อยกว่าครึ่งหนึ่งของเวลา	บางครั้ง	บางครั้ง	น้อยกว่าครึ่งหนึ่งของเวลา	บางครั้ง
5/4/2026, 16:45:31	ที่พักแรมและบริการด้านอาหาร	35 — 44 ปี	หญิง	อยู่กับครอบครัว / ผู้ปกครอง	20,001 — 30,000 บาท	4	1 — 2 ชั่วโมง	น้อย	บางครั้ง	ไม่เคย	มากกว่า 5 คน	มาก	ง่าย	ตลอดเวลา	ตลอดเวลา	ส่วนใหญ่	ไม่เลย	ไม่เคย	ตลอด	บางครั้ง	บางครั้ง	น้อยกว่าครึ่งหนึ่งของเวลา	บางครั้ง	บางครั้ง
5/4/2026, 16:50:29	การค้าส่ง ค้าปลีก และการซ่อมแซม	35 — 44 ปี	ชาย	อยู่กับครอบครัว / ผู้ปกครอง	10,000 — 20,000 บาท	2	1 — 2 ชั่วโมง	น้อย	น้อย	ไม่เคย	3 — 5 คน	น้อย	ยาก	ส่วนใหญ่	บ้าง	ส่วนใหญ่	น้อยมาก	ไม่เคย	ตลอด	ส่วนใหญ่ของเวลา	ส่วนใหญ่ของเวลา	ส่วนใหญ่ของเวลา	ส่วนใหญ่ของเวลา	ส่วนใหญ่ของเวลา
5/4/2026, 17:07:14	ที่พักแรมและบริการด้านอาหาร	25 — 34 ปี	หญิง	อยู่กับครอบครัว / ผู้ปกครอง	30,001 — 50,000 บาท	6	2 — 4 ชั่วโมง	บ่อยครั้ง	บ่อยมาก	บ่อยมาก	1 — 2 คน	น้อย	ยาก	ไม่เลย	ไม่เลย	ไม่เลย	ส่วนใหญ่	ตลอด	ไม่เคย	บางครั้ง	บางครั้ง	บางครั้ง	บางครั้ง	บางครั้ง
5/4/2026, 17:12:12	การค้าส่ง ค้าปลีก และการซ่อมแซม	25 — 34 ปี	หญิง	อยู่กับเพื่อน / คู่รัก / แชร์ที่พัก	20,001 — 30,000 บาท	6	1 — 2 ชั่วโมง	บ่อยครั้ง	บ่อยครั้ง	บ่อยครั้ง	1 — 2 คน	น้อย	ยาก	ไม่เลย	ไม่เลย	ไม่เลย	ส่วนใหญ่	ตลอด	ไม่เคย	น้อยกว่าครึ่งหนึ่งของเวลา	บางครั้ง	บางครั้ง	บางครั้ง	บางครั้ง
5/4/2026, 17:16:45	ที่พักแรมและบริการด้านอาหาร	มากกว่า 45 ปี																						
5/4/2026, 17:38:49	อุตสาหกรรมการผลิตและโรงงาน	18 — 24 ปี	ชาย	อยู่คนเดียว	10,000 — 20,000 บาท	2	2 — 4 ชั่วโมง	บางครั้ง	น้อย	น้อย	3 — 5 คน	มาก	ง่าย	ส่วนใหญ่	ตลอดเวลา	ส่วนใหญ่	น้อยมาก	ไม่เคย	ตลอด	มากกว่าครึ่งหนึ่งของเวลา	มากกว่าครึ่งหนึ่งของเวลา	มากกว่าครึ่งหนึ่งของเวลา	มากกว่าครึ่งหนึ่งของเวลา	มากกว่าครึ่งหนึ่งของเวลา
5/4/2026, 18:09:37	การสื่อสารและเทคโนโลยีสารสนเทศ	18 — 24 ปี	ชาย	อยู่กับครอบครัว / ผู้ปกครอง	50,001 — 80,000 บาท	7	1 — 2 ชั่วโมง	บ่อยครั้ง	บ่อยมาก	บ่อยครั้ง	1 — 2 คน	น้อย	ยาก	ไม่เลย	ไม่เลย	ไม่เลย	ส่วนใหญ่	ตลอด	ไม่เคย	บางครั้ง	บางครั้ง	บางครั้ง	บางครั้ง	บางครั้ง
5/4/2026, 18:20:39	การสื่อสารและเทคโนโลยีสารสนเทศ	มากกว่า 45 ปี																						
5/4/2026, 18:42:49	การสื่อสารและเทคโนโลยีสารสนเทศ	25 — 34 ปี	หญิง	อยู่คนเดียว	50,001 — 80,000 บาท	7	1 — 2 ชั่วโมง	น้อย	น้อย	น้อย	ไม่มี	น้อย	ยาก	ไม่เลย	ไม่เลย	ไม่เลย	ตลอดเวลา	ตลอด	ไม่เคย	ส่วนใหญ่ของเวลา	ส่วนใหญ่ของเวลา	ส่วนใหญ่ของเวลา	ส่วนใหญ่ของเวลา	ส่วนใหญ่ของเวลา
5/4/2026, 18:56:56	การเงินและประกันภัย	25 — 34 ปี	ชาย	อยู่กับครอบครัว / ผู้ปกครอง	50,001 — 80,000 บาท	9	1 — 2 ชั่วโมง	น้อย	บางครั้ง	บางครั้ง	1 — 2 คน	น้อย	ยาก	ไม่เลย	ไม่เลย	น้อยมาก	ส่วนใหญ่	ตลอด	ไม่เคย	ส่วนใหญ่ของเวลา	ส่วนใหญ่ของเวลา	ส่วนใหญ่ของเวลา	ส่วนใหญ่ของเวลา	ส่วนใหญ่ของเวลา
5/4/2026, 19:05:10	อุตสาหกรรมการผลิตและโรงงาน	35 — 44 ปี	หญิง	อพาร์ทเม้นท์	20,001 — 30,000 บาท	4	1 — 2 ชั่วโมง	บางครั้ง	บางครั้ง	น้อย	3 — 5 คน	น้อย	ยาก	ตลอดเวลา	ส่วนใหญ่	ตลอดเวลา	ไม่เลย	ไม่เคย	ตลอด	บางครั้ง	น้อยกว่าครึ่งหนึ่งของเวลา	บางครั้ง	บางครั้ง	บางครั้ง
5/4/2026, 19:19:38	การสื่อสารและเทคโนโลยีสารสนเทศ	35 — 44 ปี	หญิง	อยู่กับครอบครัว / ผู้ปกครอง	80,001 — 150,000 บาท	8	1 — 2 ชั่วโมง	น้อย	น้อย	น้อย	1 — 2 คน	น้อย	ยาก	น้อยมาก	น้อยมาก	บ้าง	ตลอดเวลา	ตลอด	ไม่เคย	มากกว่าครึ่งหนึ่งของเวลา	มากกว่าครึ่งหนึ่งของเวลา	มากกว่าครึ่งหนึ่งของเวลา	มากกว่าครึ่งหนึ่งของเวลา	มากกว่าครึ่งหนึ่งของเวลา
5/4/2026, 19:24:08	การค้าส่ง ค้าปลีก และการซ่อมแซม	18 — 24 ปี	ชาย	อยู่กับเพื่อน / คู่รัก / แชร์ที่พัก	50,001 — 80,000 บาท	9	2 — 4 ชั่วโมง	บ่อยครั้ง	บ่อยครั้ง	บ่อยครั้ง	1 — 2 คน	น้อย	ยาก	ไม่เลย	ไม่เลย	น้อยมาก	ตลอดเวลา	ตลอด	ไม่เคย	บางครั้ง	บางครั้ง	บางครั้ง	บางครั้ง	บางครั้ง
5/4/2026, 19:26:55	ที่พักแรมและบริการด้านอาหาร	25 — 34 ปี	หญิง	อยู่คนเดียว	20,001 — 30,000 บาท	6	1 — 2 ชั่วโมง	น้อย	น้อย	น้อย	1 — 2 คน	น้อย	ยาก	ไม่เลย	ไม่เลย	ไม่เลย	ตลอดเวลา	ตลอด	ไม่เคย	ส่วนใหญ่ของเวลา	ส่วนใหญ่ของเวลา	ส่วนใหญ่ของเวลา	ส่วนใหญ่ของเวลา	ส่วนใหญ่ของเวลา
5/4/2026, 19:36:53	การเงินและประกันภัย	น้อยกว่า 18 ปี																						
5/4/2026, 19:41:52	การค้าส่ง ค้าปลีก และการซ่อมแซม	35 — 44 ปี	หญิง	อยู่กับเพื่อน / คู่รัก / แชร์ที่พัก	30,001 — 50,000 บาท	5	2 — 4 ชั่วโมง	บ่อยมาก	บ่อยมาก	บ่อยมาก	3 — 5 คน	มาก	เป็นไปได้	ตลอดเวลา	ส่วนใหญ่	ตลอดเวลา	ไม่เลย	ไม่เคย	ตลอด	บางครั้ง	บางครั้ง	บางครั้ง	บางครั้ง	บางครั้ง
5/4/2026, 19:46:09	ที่พักแรมและบริการด้านอาหาร	25 — 34 ปี	ชาย	อยู่กับเพื่อน / คู่รัก / แชร์ที่พัก	30,001 — 50,000 บาท	6	1 — 2 ชั่วโมง	น้อย	น้อย	น้อย	1 — 2 คน	น้อย	ยาก	น้อยมาก	น้อยมาก	บ้าง	ส่วนใหญ่	ตลอด	ไม่เคย	มากกว่าครึ่งหนึ่งของเวลา	มากกว่าครึ่งหนึ่งของเวลา	มากกว่าครึ่งหนึ่งของเวลา	มากกว่าครึ่งหนึ่งของเวลา	มากกว่าครึ่งหนึ่งของเวลา
6/4/2026, 12:14:05	การศึกษา	18 — 24 ปี	หญิง	อยู่คนเดียว	20,001 — 30,000 บาท	7	4 — 6 ชั่วโมง	บ่อยครั้ง	น้อย	บางครั้ง	3 — 5 คน	มาก	ง่าย	น้อยมาก	น้อยมาก	บ้าง	ส่วนใหญ่	ตลอด	ตลอด	มากกว่าครึ่งหนึ่งของเวลา	น้อยกว่าครึ่งหนึ่งของเวลา	มากกว่าครึ่งหนึ่งของเวลา	มากกว่าครึ่งหนึ่งของเวลา	มากกว่าครึ่งหนึ่งของเวลา
6/4/2026, 12:15:51	การศึกษา	25 — 34 ปี	ชาย	อยู่คนเดียว	20,001 — 30,000 บาท	5	4 — 6 ชั่วโมง	น้อย	ไม่เคย	บ่อยครั้ง	1 — 2 คน	ไม่มีเลย	ยากมาก	น้อยมาก	บ้าง	ส่วนใหญ่	น้อยมาก	ตลอด	ไม่เคย	มากกว่าครึ่งหนึ่งของเวลา	มากกว่าครึ่งหนึ่งของเวลา	ส่วนใหญ่ของเวลา	น้อยกว่าครึ่งหนึ่งของเวลา	มากกว่าครึ่งหนึ่งของเวลา
6/4/2026, 12:15:55	การสื่อสารและเทคโนโลยีสารสนเทศ	18 — 24 ปี	ชาย	อยู่คนเดียว	10,000 — 20,000 บาท	3	2 — 4 ชั่วโมง	บางครั้ง	บ่อยครั้ง	บ่อยครั้ง	มากกว่า 5 คน	ไม่เเน่ใจ	เป็นไปได้	น้อยมาก	บ้าง	ตลอดเวลา	บ้าง	ตลอด	ตลอด	ตลอด	ตลอด	น้อยกว่าครึ่งหนึ่งของเวลา	น้อยกว่าครึ่งหนึ่งของเวลา	มากกว่าครึ่งหนึ่งของเวลา
6/4/2026, 12:34:08	การบริหารราชการและรัฐวิสาหกิจ	25 — 34 ปี	หญิง	อยู่กับครอบครัว / ผู้ปกครอง	มากกว่า 150,000 บาท	4	2 — 4 ชั่วโมง	น้อย	น้อย	น้อย	3 — 5 คน	ไม่เเน่ใจ	เป็นไปได้	บ้าง	บ้าง	ส่วนใหญ่	น้อยมาก	ตลอด	ไม่เคย	ส่วนใหญ่ของเวลา	มากกว่าครึ่งหนึ่งของเวลา	มากกว่าครึ่งหนึ่งของเวลา	ตลอด	บางครั้ง
7/4/2026, 8:31:45	สุขภาพและกิจกรรมทางสังคม	18 — 24 ปี	หญิง	หอพัก	20,001 — 30,000 บาท	6	1 — 2 ชั่วโมง	น้อย	น้อย	น้อย	1 — 2 คน	น้อย	ยาก	ไม่เลย	ไม่เลย	ไม่เลย	ส่วนใหญ่	ตลอด	ไม่เคย	ส่วนใหญ่ของเวลา	ส่วนใหญ่ของเวลา	มากกว่าครึ่งหนึ่งของเวลา	มากกว่าครึ่งหนึ่งของเวลา	มากกว่าครึ่งหนึ่งของเวลา
7/4/2026, 8:47:40	การขนส่งและคลังสินค้า	25 — 34 ปี	หญิง	หอพัก	10,000 — 20,000 บาท	4	1 — 2 ชั่วโมง	บางครั้ง	น้อย	บางครั้ง	1 — 2 คน	น้อย	เป็นไปได้	ตลอดเวลา	ส่วนใหญ่	ตลอดเวลา	ไม่เลย	ไม่เคย	ตลอด	บางครั้ง	บางครั้ง	บางครั้ง	บางครั้ง	บางครั้ง
7/4/2026, 9:24:57	การสื่อสารและเทคโนโลยีสารสนเทศ	มากกว่า 45 ปี																						
7/4/2026, 9:31:13	การค้าส่ง ค้าปลีก และการซ่อมแซม	มากกว่า 45 ปี																						
7/4/2026, 9:46:46	การบริหารราชการและรัฐวิสาหกิจ	35 — 44 ปี	ชาย	อยู่กับครอบครัว / ผู้ปกครอง	50,001 — 80,000 บาท	8	1 — 2 ชั่วโมง	น้อย	น้อย	น้อย	1 — 2 คน	น้อย	เป็นไปได้	ไม่เลย	ไม่เลย	น้อยมาก	ส่วนใหญ่	ตลอด	ไม่เคย	มากกว่าครึ่งหนึ่งของเวลา	มากกว่าครึ่งหนึ่งของเวลา	มากกว่าครึ่งหนึ่งของเวลา	มากกว่าครึ่งหนึ่งของเวลา	มากกว่าครึ่งหนึ่งของเวลา
7/4/2026, 10:01:56	สุขภาพและกิจกรรมทางสังคม	18 — 24 ปี	ชาย	อยู่คนเดียว	30,001 — 50,000 บาท	4	1 — 2 ชั่วโมง	บ่อยครั้ง	บางครั้ง	น้อย	3 — 5 คน	น้อย	ยาก	ตลอดเวลา	ส่วนใหญ่	ส่วนใหญ่	น้อยมาก	ไม่เคย	ตลอด	บางครั้ง	น้อยกว่าครึ่งหนึ่งของเวลา	บางครั้ง	บางครั้ง	บางครั้ง
7/4/2026, 10:36:33	การสื่อสารและเทคโนโลยีสารสนเทศ	18 — 24 ปี	หญิง	บ้านเช่า	80,001 — 150,000 บาท	10	1 — 2 ชั่วโมง	น้อย	น้อย	น้อย	1 — 2 คน	น้อย	ยาก	ไม่เลย	ไม่เลย	ไม่เลย	ตลอดเวลา	ตลอด	ไม่เคย	ตลอด	ตลอด	ตลอด	ตลอด	ตลอด
7/4/2026, 11:06:20	การสื่อสารและเทคโนโลยีสารสนเทศ	18 — 24 ปี	หญิง	อยู่กับครอบครัว / ผู้ปกครอง	50,001 — 80,000 บาท	9	2 — 4 ชั่วโมง	บ่อยครั้ง	บ่อยมาก	บ่อยครั้ง	1 — 2 คน	น้อย	ยาก	ไม่เลย	ไม่เลย	ไม่เลย	ตลอดเวลา	ตลอด	ไม่เคย	ไม่เคยเลย	ไม่เคยเลย	บางครั้ง	บางครั้ง	บางครั้ง
7/4/2026, 11:22:02	อุตสาหกรรมการผลิตและโรงงาน	18 — 24 ปี	ชาย	อยู่กับครอบครัว / ผู้ปกครอง	50,001 — 80,000 บาท	8	2 — 4 ชั่วโมง	บ่อยครั้ง	บ่อยมาก	บ่อยมาก	1 — 2 คน	น้อย	ยาก	ไม่เลย	ไม่เลย	น้อยมาก	ตลอดเวลา	ตลอด	ไม่เคย	บางครั้ง	บางครั้ง	บางครั้ง	บางครั้ง	บางครั้ง
7/4/2026, 11:38:54	การค้าส่ง ค้าปลีก และการซ่อมแซม	35 — 44 ปี	หญิง	อยู่กับครอบครัว / ผู้ปกครอง	20,001 — 30,000 บาท	4	1 — 2 ชั่วโมง	น้อย	น้อย	น้อย	1 — 2 คน	น้อย	ยาก	ส่วนใหญ่	บ้าง	ส่วนใหญ่	ไม่เลย	ไม่เคย	ตลอด	ส่วนใหญ่ของเวลา	ส่วนใหญ่ของเวลา	ส่วนใหญ่ของเวลา	ส่วนใหญ่ของเวลา	ส่วนใหญ่ของเวลา
7/4/2026, 11:55:56	การศึกษา	25 — 34 ปี	ชาย	อยู่คนเดียว	30,001 — 50,000 บาท	6	1 — 2 ชั่วโมง	บ่อยครั้ง	บ่อยมาก	บ่อยครั้ง	1 — 2 คน	น้อย	ยาก	ไม่เลย	ไม่เลย	ไม่เลย	ส่วนใหญ่	ตลอด	ไม่เคย	น้อยกว่าครึ่งหนึ่งของเวลา	บางครั้ง	น้อยกว่าครึ่งหนึ่งของเวลา	น้อยกว่าครึ่งหนึ่งของเวลา	น้อยกว่าครึ่งหนึ่งของเวลา
7/4/2026, 12:11:39	อุตสาหกรรมการผลิตและโรงงาน	35 — 44 ปี	ชาย	พักในที่ทำงาน	น้อยกว่า 10,000 บาท	4	1 — 2 ชั่วโมง	บางครั้ง	บางครั้ง	บ่อยครั้ง	1 — 2 คน	น้อย	ยาก	ตลอดเวลา	ส่วนใหญ่	ตลอดเวลา	ไม่เลย	ไม่เคย	ตลอด	บางครั้ง	น้อยกว่าครึ่งหนึ่งของเวลา	น้อยกว่าครึ่งหนึ่งของเวลา	น้อยกว่าครึ่งหนึ่งของเวลา	น้อยกว่าครึ่งหนึ่งของเวลา
7/4/2026, 12:27:18	ที่พักแรมและบริการด้านอาหาร	35 — 44 ปี	ชาย	อยู่กับครอบครัว / ผู้ปกครอง	20,001 — 30,000 บาท	6	2 — 4 ชั่วโมง	บ่อยครั้ง	บ่อยมาก	บ่อยครั้ง	3 — 5 คน	น้อย	ยาก	ไม่เลย	ไม่เลย	ไม่เลย	ส่วนใหญ่	ตลอด	ไม่เคย	มากกว่าครึ่งหนึ่งของเวลา	ส่วนใหญ่ของเวลา	มากกว่าครึ่งหนึ่งของเวลา	มากกว่าครึ่งหนึ่งของเวลา	มากกว่าครึ่งหนึ่งของเวลา
7/4/2026, 12:43:23	การค้าส่ง ค้าปลีก และการซ่อมแซม	18 — 24 ปี	หญิง	อยู่กับครอบครัว / ผู้ปกครอง	80,001 — 150,000 บาท	8	2 — 4 ชั่วโมง	ไม่เคย	น้อย	น้อย	ไม่มี	น้อย	ยาก	ไม่เลย	ไม่เลย	ไม่เลย	ส่วนใหญ่	ตลอด	ไม่เคย	ส่วนใหญ่ของเวลา	ส่วนใหญ่ของเวลา	ส่วนใหญ่ของเวลา	ส่วนใหญ่ของเวลา	ส่วนใหญ่ของเวลา
7/4/2026, 13:00:14	การศึกษา	35 — 44 ปี	หญิง	อยู่กับครอบครัว / ผู้ปกครอง	30,001 — 50,000 บาท	7	1 — 2 ชั่วโมง	บ่อยครั้ง	บ่อยครั้ง	บ่อยครั้ง	ไม่มี	น้อย	ยาก	ไม่เลย	ไม่เลย	ไม่เลย	ส่วนใหญ่	ตลอด	ไม่เคย	บางครั้ง	บางครั้ง	บางครั้ง	บางครั้ง	บางครั้ง
7/4/2026, 13:16:08	สุขภาพและกิจกรรมทางสังคม	25 — 34 ปี	ชาย	อยู่กับเพื่อน / คู่รัก / แชร์ที่พัก	10,000 — 20,000 บาท	1	1 — 2 ชั่วโมง	บางครั้ง	บางครั้ง	น้อย	1 — 2 คน	น้อย	เป็นไปได้	ตลอดเวลา	ส่วนใหญ่	ตลอดเวลา	ไม่เลย	ไม่เคย	ตลอด	บางครั้ง	บางครั้ง	บางครั้ง	บางครั้ง	บางครั้ง
7/4/2026, 13:17:25	นักเรียน/นักศึกษา																							
7/4/2026, 13:23:45	การเงินและประกันภัย	มากกว่า 45 ปี																						
7/4/2026, 13:40:39	อุตสาหกรรมการผลิตและโรงงาน	35 — 44 ปี	ชาย	อยู่กับครอบครัว / ผู้ปกครอง	80,001 — 150,000 บาท	10	น้อยกว่า 1 ชั่วโมง	น้อย	น้อย	น้อย	1 — 2 คน	น้อย	ยาก	ไม่เลย	ไม่เลย	น้อยมาก	ส่วนใหญ่	ตลอด	ไม่เคย	ส่วนใหญ่ของเวลา	ส่วนใหญ่ของเวลา	ส่วนใหญ่ของเวลา	ส่วนใหญ่ของเวลา	ส่วนใหญ่ของเวลา
7/4/2026, 13:55:20	การสื่อสารและเทคโนโลยีสารสนเทศ	มากกว่า 45 ปี																						
7/4/2026, 13:57:45	ไรเดอร์ส่งอาหาร	25 — 34 ปี	หญิง	อยู่คนเดียว	20,001 — 30,000 บาท	7	1 — 2 ชั่วโมง	ไม่เคย	น้อย	น้อย	1 — 2 คน	น้อย	ยาก	ไม่เลย	ไม่เลย	ไม่เลย	ส่วนใหญ่	ตลอด	ไม่เคย	ส่วนใหญ่ของเวลา	ส่วนใหญ่ของเวลา	มากกว่าครึ่งหนึ่งของเวลา	ส่วนใหญ่ของเวลา	ส่วนใหญ่ของเวลา
7/4/2026, 14:43:46	อุตสาหกรรมการผลิตและโรงงาน	25 — 34 ปี	หญิง	คอนโด	20,001 — 30,000 บาท	5	1 — 2 ชั่วโมง	บ่อยครั้ง	บ่อยครั้ง	น้อย	3 — 5 คน	น้อย	ยาก	ตลอดเวลา	ส่วนใหญ่	ตลอดเวลา	ไม่เลย	ไม่เคย	ตลอด	น้อยกว่าครึ่งหนึ่งของเวลา	น้อยกว่าครึ่งหนึ่งของเวลา	น้อยกว่าครึ่งหนึ่งของเวลา	น้อยกว่าครึ่งหนึ่งของเวลา	น้อยกว่าครึ่งหนึ่งของเวลา
7/4/2026, 14:59:22	การเงินและประกันภัย	25 — 34 ปี	หญิง	อยู่คนเดียว	50,001 — 80,000 บาท	10	1 — 2 ชั่วโมง	บ่อยครั้ง	บ่อยครั้ง	บ่อยครั้ง	1 — 2 คน	น้อย	ยาก	ไม่เลย	ไม่เลย	ไม่เลย	ส่วนใหญ่	ตลอด	ไม่เคย	น้อยกว่าครึ่งหนึ่งของเวลา	น้อยกว่าครึ่งหนึ่งของเวลา	น้อยกว่าครึ่งหนึ่งของเวลา	น้อยกว่าครึ่งหนึ่งของเวลา	น้อยกว่าครึ่งหนึ่งของเวลา
7/4/2026, 15:47:23	ที่พักแรมและบริการด้านอาหาร	25 — 34 ปี	ชาย	อยู่กับครอบครัว / ผู้ปกครอง	30,001 — 50,000 บาท	7	1 — 2 ชั่วโมง	บ่อยครั้ง	บ่อยมาก	บ่อยครั้ง	1 — 2 คน	น้อย	ยาก	ไม่เลย	ไม่เลย	ไม่เลย	ตลอดเวลา	ตลอด	ไม่เคย	ไม่เคยเลย	ไม่เคยเลย	ไม่เคยเลย	ไม่เคยเลย	ไม่เคยเลย
7/4/2026, 16:04:05	การขนส่งและคลังสินค้า	35 — 44 ปี	หญิง	คอนโด	20,001 — 30,000 บาท	4	2 — 4 ชั่วโมง	บ่อยมาก	บ่อยมาก	บ่อยมาก	3 — 5 คน	มาก	เป็นไปได้	ตลอดเวลา	ส่วนใหญ่	ตลอดเวลา	ไม่เลย	ไม่เคย	ตลอด	บางครั้ง	บางครั้ง	บางครั้ง	บางครั้ง	บางครั้ง
7/4/2026, 16:07:34	การสื่อสารและเทคโนโลยีสารสนเทศ	25 — 34 ปี	หญิง	อยู่กับเพื่อน / คู่รัก / แชร์ที่พัก	30,001 — 50,000 บาท	5	1 — 2 ชั่วโมง	น้อย	น้อย	น้อย	1 — 2 คน	น้อย	ยาก	ส่วนใหญ่	ส่วนใหญ่	ส่วนใหญ่	น้อยมาก	ไม่เคย	ตลอด	บางครั้ง	น้อยกว่าครึ่งหนึ่งของเวลา	น้อยกว่าครึ่งหนึ่งของเวลา	น้อยกว่าครึ่งหนึ่งของเวลา	น้อยกว่าครึ่งหนึ่งของเวลา
7/4/2026, 16:21:01	ว่างงาน	35 — 44 ปี	ชาย	บ้านเช่า	30,001 — 50,000 บาท	7	น้อยกว่า 1 ชั่วโมง	น้อย	น้อย	น้อย	1 — 2 คน	น้อย	ยาก	ไม่เลย	ไม่เลย	ไม่เลย	ส่วนใหญ่	ตลอด	ไม่เคย	ส่วนใหญ่ของเวลา	ส่วนใหญ่ของเวลา	ส่วนใหญ่ของเวลา	ส่วนใหญ่ของเวลา	ส่วนใหญ่ของเวลา
7/4/2026, 16:56:24	การสื่อสารและเทคโนโลยีสารสนเทศ	35 — 44 ปี	หญิง	อยู่กับเพื่อน / คู่รัก / แชร์ที่พัก	30,001 — 50,000 บาท	7	1 — 2 ชั่วโมง	น้อย	น้อย	น้อย	1 — 2 คน	น้อย	เป็นไปได้	ไม่เลย	ไม่เลย	ไม่เลย	ตลอดเวลา	ตลอด	ไม่เคย	ส่วนใหญ่ของเวลา	ส่วนใหญ่ของเวลา	มากกว่าครึ่งหนึ่งของเวลา	ส่วนใหญ่ของเวลา	ส่วนใหญ่ของเวลา
7/4/2026, 17:13:06	การเงินและประกันภัย	25 — 34 ปี	ชาย	พักในที่ทำงาน	30,001 — 50,000 บาท	6	1 — 2 ชั่วโมง	น้อย	น้อย	น้อย	1 — 2 คน	น้อย	เป็นไปได้	ไม่เลย	ไม่เลย	ไม่เลย	ส่วนใหญ่	ตลอด	ไม่เคย	ส่วนใหญ่ของเวลา	ส่วนใหญ่ของเวลา	ส่วนใหญ่ของเวลา	ส่วนใหญ่ของเวลา	ส่วนใหญ่ของเวลา
7/4/2026, 17:44:04	การค้าส่ง ค้าปลีก และการซ่อมแซม	18 — 24 ปี	ชาย	อยู่กับครอบครัว / ผู้ปกครอง	50,001 — 80,000 บาท	10	1 — 2 ชั่วโมง	น้อย	น้อย	น้อย	1 — 2 คน	น้อย	ยาก	ไม่เลย	ไม่เลย	ไม่เลย	ตลอดเวลา	ตลอด	ไม่เคย	ส่วนใหญ่ของเวลา	ส่วนใหญ่ของเวลา	ส่วนใหญ่ของเวลา	ส่วนใหญ่ของเวลา	ส่วนใหญ่ของเวลา
7/4/2026, 18:01:14	การเงินและประกันภัย	25 — 34 ปี	หญิง	อพาร์ทเม้นท์	30,001 — 50,000 บาท	6	1 — 2 ชั่วโมง	น้อย	น้อย	น้อย	1 — 2 คน	น้อย	ยาก	ไม่เลย	ไม่เลย	ไม่เลย	ส่วนใหญ่	ตลอด	ไม่เคย	ส่วนใหญ่ของเวลา	ส่วนใหญ่ของเวลา	ส่วนใหญ่ของเวลา	ส่วนใหญ่ของเวลา	ส่วนใหญ่ของเวลา
7/4/2026, 18:18:13	การค้าส่ง ค้าปลีก และการซ่อมแซม	25 — 34 ปี	ชาย	หอพัก	30,001 — 50,000 บาท	5	1 — 2 ชั่วโมง	น้อย	น้อย	น้อย	1 — 2 คน	น้อย	ยาก	ส่วนใหญ่	บ้าง	ส่วนใหญ่	ไม่เลย	ไม่เคย	ตลอด	น้อยกว่าครึ่งหนึ่งของเวลา	มากกว่าครึ่งหนึ่งของเวลา	น้อยกว่าครึ่งหนึ่งของเวลา	มากกว่าครึ่งหนึ่งของเวลา	น้อยกว่าครึ่งหนึ่งของเวลา
7/4/2026, 19:41:33	การสื่อสารและเทคโนโลยีสารสนเทศ	25 — 34 ปี	หญิง	พักในที่ทำงาน	30,001 — 50,000 บาท	4	1 — 2 ชั่วโมง	บางครั้ง	บ่อยครั้ง	น้อย	3 — 5 คน	มาก	เป็นไปได้	ส่วนใหญ่	บ้าง	ตลอดเวลา	ไม่เลย	ไม่เคย	ตลอด	บางครั้ง	บางครั้ง	บางครั้ง	บางครั้ง	บางครั้ง
7/4/2026, 20:55:31	อุตสาหกรรมการผลิตและโรงงาน	35 — 44 ปี	หญิง	อยู่กับเพื่อน / คู่รัก / แชร์ที่พัก	30,001 — 50,000 บาท	6	1 — 2 ชั่วโมง	บ่อยครั้ง	บ่อยมาก	บ่อยมาก	1 — 2 คน	ไม่มีเลย	ยากมาก	ไม่เลย	ไม่เลย	ไม่เลย	ตลอดเวลา	ตลอด	ไม่เคย	บางครั้ง	บางครั้ง	บางครั้ง	บางครั้ง	บางครั้ง
7/4/2026, 20:59:34	การขนส่งและคลังสินค้า	25 — 34 ปี	หญิง	อยู่กับครอบครัว / ผู้ปกครอง	มากกว่า 150,000 บาท	8	1 — 2 ชั่วโมง	น้อย	น้อย	น้อย	1 — 2 คน	น้อย	ยาก	ไม่เลย	ไม่เลย	ไม่เลย	ตลอดเวลา	ตลอด	ไม่เคย	ส่วนใหญ่ของเวลา	ส่วนใหญ่ของเวลา	มากกว่าครึ่งหนึ่งของเวลา	มากกว่าครึ่งหนึ่งของเวลา	มากกว่าครึ่งหนึ่งของเวลา
7/4/2026, 21:02:00	การสื่อสารและเทคโนโลยีสารสนเทศ	มากกว่า 45 ปี																						
7/4/2026, 21:04:42	การขนส่งและคลังสินค้า	18 — 24 ปี	หญิง	อพาร์ทเม้นท์	30,001 — 50,000 บาท	4	1 — 2 ชั่วโมง	น้อย	บางครั้ง	น้อย	3 — 5 คน	น้อย	ยาก	ส่วนใหญ่	บ้าง	ตลอดเวลา	ไม่เลย	ไม่เคย	ตลอด	บางครั้ง	บางครั้ง	บางครั้ง	บางครั้ง	บางครั้ง
7/4/2026, 21:09:10	การสื่อสารและเทคโนโลยีสารสนเทศ	25 — 34 ปี	หญิง	อพาร์ทเม้นท์	มากกว่า 150,000 บาท	10	1 — 2 ชั่วโมง	บางครั้ง	บางครั้ง	น้อย	1 — 2 คน	น้อย	ยาก	น้อยมาก	น้อยมาก	บ้าง	ตลอดเวลา	ตลอด	ไม่เคย	ส่วนใหญ่ของเวลา	มากกว่าครึ่งหนึ่งของเวลา	ส่วนใหญ่ของเวลา	ส่วนใหญ่ของเวลา	ส่วนใหญ่ของเวลา
7/4/2026, 21:12:04	การบริหารราชการและรัฐวิสาหกิจ	25 — 34 ปี	ชาย	หอพัก	30,001 — 50,000 บาท	4	1 — 2 ชั่วโมง	บ่อยครั้ง	บ่อยครั้ง	บางครั้ง	1 — 2 คน	น้อย	ยาก	ส่วนใหญ่	บ้าง	ส่วนใหญ่	น้อยมาก	ไม่เคย	ตลอด	ส่วนใหญ่ของเวลา	ส่วนใหญ่ของเวลา	ส่วนใหญ่ของเวลา	ส่วนใหญ่ของเวลา	ส่วนใหญ่ของเวลา
7/4/2026, 21:24:19	การสื่อสารและเทคโนโลยีสารสนเทศ	18 — 24 ปี	ชาย	อยู่คนเดียว	50,001 — 80,000 บาท	7	1 — 2 ชั่วโมง	น้อย	บางครั้ง	น้อย	1 — 2 คน	น้อย	ยาก	ไม่เลย	ไม่เลย	น้อยมาก	ส่วนใหญ่	ตลอด	ไม่เคย	มากกว่าครึ่งหนึ่งของเวลา	มากกว่าครึ่งหนึ่งของเวลา	มากกว่าครึ่งหนึ่งของเวลา	มากกว่าครึ่งหนึ่งของเวลา	มากกว่าครึ่งหนึ่งของเวลา
7/4/2026, 21:35:37	สุขภาพและกิจกรรมทางสังคม	35 — 44 ปี	หญิง	อยู่กับเพื่อน / คู่รัก / แชร์ที่พัก	30,001 — 50,000 บาท	7	2 — 4 ชั่วโมง	บ่อยครั้ง	บ่อยมาก	บ่อยมาก	1 — 2 คน	น้อย	ยาก	น้อยมาก	น้อยมาก	น้อยมาก	ส่วนใหญ่	ตลอด	ไม่เคย	ไม่เคยเลย	ไม่เคยเลย	ไม่เคยเลย	ไม่เคยเลย	ไม่เคยเลย
7/4/2026, 21:19:24	การสื่อสารและเทคโนโลยีสารสนเทศ	18 — 24 ปี	หญิง	อยู่กับครอบครัว / ผู้ปกครอง	80,001 — 150,000 บาท	8	1 — 2 ชั่วโมง	บ่อยครั้ง	บ่อยมาก	บ่อยมาก	3 — 5 คน	มาก	ง่าย	ไม่เลย	ไม่เลย	ไม่เลย	ตลอดเวลา	ตลอด	ไม่เคย	บางครั้ง	ไม่เคยเลย	บางครั้ง	ไม่เคยเลย	ไม่เคยเลย
7/4/2026, 21:29:38	การสื่อสารและเทคโนโลยีสารสนเทศ	25 — 34 ปี	ชาย	อยู่คนเดียว	50,001 — 80,000 บาท	9	4 — 6 ชั่วโมง	บ่อยครั้ง	บ่อยมาก	บ่อยมาก	3 — 5 คน	มาก	เป็นไปได้	น้อยมาก	น้อยมาก	น้อยมาก	ตลอดเวลา	ตลอด	ไม่เคย	น้อยกว่าครึ่งหนึ่งของเวลา	บางครั้ง	บางครั้ง	บางครั้ง	บางครั้ง
7/4/2026, 21:42:04	ที่พักแรมและบริการด้านอาหาร	18 — 24 ปี	ชาย	อยู่กับครอบครัว / ผู้ปกครอง	50,001 — 80,000 บาท	7	1 — 2 ชั่วโมง	น้อย	น้อย	น้อย	1 — 2 คน	น้อย	ยาก	ไม่เลย	ไม่เลย	น้อยมาก	ตลอดเวลา	ตลอด	ไม่เคย	มากกว่าครึ่งหนึ่งของเวลา	มากกว่าครึ่งหนึ่งของเวลา	มากกว่าครึ่งหนึ่งของเวลา	มากกว่าครึ่งหนึ่งของเวลา	มากกว่าครึ่งหนึ่งของเวลา
7/4/2026, 21:54:07	การค้าส่ง ค้าปลีก และการซ่อมแซม	18 — 24 ปี	ชาย	หอพัก	30,001 — 50,000 บาท	7	2 — 4 ชั่วโมง	บ่อยครั้ง	บ่อยครั้ง	บ่อยมาก	1 — 2 คน	น้อย	ยาก	ไม่เลย	ไม่เลย	ไม่เลย	ส่วนใหญ่	ตลอด	ไม่เคย	ไม่เคยเลย	ไม่เคยเลย	ไม่เคยเลย	ไม่เคยเลย	ไม่เคยเลย
7/4/2026, 21:57:15	การค้าส่ง ค้าปลีก และการซ่อมแซม	มากกว่า 45 ปี																						
7/4/2026, 21:36:21	อุตสาหกรรมการผลิตและโรงงาน	35 — 44 ปี	หญิง	อยู่คนเดียว	20,001 — 30,000 บาท	4	2 — 4 ชั่วโมง	บ่อยครั้ง	บ่อยครั้ง	บางครั้ง	3 — 5 คน	น้อย	ยาก	ตลอดเวลา	ส่วนใหญ่	ตลอดเวลา	น้อยมาก	ไม่เคย	ตลอด	บางครั้ง	บางครั้ง	บางครั้ง	บางครั้ง	บางครั้ง
7/4/2026, 21:46:13	การศึกษา	35 — 44 ปี	ชาย	อพาร์ทเม้นท์	30,001 — 50,000 บาท	4	1 — 2 ชั่วโมง	น้อย	น้อย	น้อย	3 — 5 คน	น้อย	ยาก	ตลอดเวลา	ส่วนใหญ่	ส่วนใหญ่	ไม่เลย	ไม่เคย	ตลอด	ไม่เคยเลย	ไม่เคยเลย	ไม่เคยเลย	ไม่เคยเลย	ไม่เคยเลย
7/4/2026, 21:41:54	การเงินและประกันภัย	25 — 34 ปี	ชาย	อยู่คนเดียว	30,001 — 50,000 บาท	4	2 — 4 ชั่วโมง	บ่อยมาก	บ่อยมาก	บ่อยมาก	3 — 5 คน	น้อย	ยาก	ตลอดเวลา	ส่วนใหญ่	ตลอดเวลา	น้อยมาก	ไม่เคย	ตลอด	ไม่เคยเลย	ไม่เคยเลย	ไม่เคยเลย	ไม่เคยเลย	ไม่เคยเลย
7/4/2026, 21:51:52	อุตสาหกรรมการผลิตและโรงงาน	มากกว่า 45 ปี																						
7/4/2026, 21:54:11	การศึกษา	25 — 34 ปี	ไม่ต้องการระบุ	อยู่คนเดียว	20,001 — 30,000 บาท	5	2 — 4 ชั่วโมง	บางครั้ง	บ่อยครั้ง	ไม่เคย	3 — 5 คน	มาก	ง่าย	บ้าง	ไม่เลย	บ้าง	น้อยมาก	ตลอด	ตลอด	ส่วนใหญ่ของเวลา	ส่วนใหญ่ของเวลา	ส่วนใหญ่ของเวลา	ส่วนใหญ่ของเวลา	ส่วนใหญ่ของเวลา
9/4/2026, 11:25:16	การค้าส่ง ค้าปลีก และการซ่อมแซม	มากกว่า 45 ปี																						
9/4/2026, 11:37:22	ที่พักแรมและบริการด้านอาหาร	35 — 44 ปี	หญิง	พักในที่ทำงาน	30,001 — 50,000 บาท	5	1 — 2 ชั่วโมง	บ่อยครั้ง	บ่อยครั้ง	บางครั้ง	3 — 5 คน	น้อย	ยาก	ส่วนใหญ่	บ้าง	ตลอดเวลา	ไม่เลย	ไม่เคย	ตลอด	บางครั้ง	บางครั้ง	บางครั้ง	บางครั้ง	บางครั้ง
9/4/2026, 11:45:04	การเงินและประกันภัย	18 — 24 ปี	หญิง	อยู่คนเดียว	80,001 — 150,000 บาท	9	1 — 2 ชั่วโมง	บ่อยครั้ง	บ่อยครั้ง	บ่อยมาก	3 — 5 คน	น้อย	ยาก	ไม่เลย	ไม่เลย	น้อยมาก	ตลอดเวลา	ตลอด	ไม่เคย	มากกว่าครึ่งหนึ่งของเวลา	มากกว่าครึ่งหนึ่งของเวลา	มากกว่าครึ่งหนึ่งของเวลา	มากกว่าครึ่งหนึ่งของเวลา	มากกว่าครึ่งหนึ่งของเวลา
9/4/2026, 11:53:39	การบริหารราชการและรัฐวิสาหกิจ	น้อยกว่า 18 ปี																						
9/4/2026, 11:58:02	การขนส่งและคลังสินค้า	18 — 24 ปี	หญิง	อยู่คนเดียว	20,001 — 30,000 บาท	7	1 — 2 ชั่วโมง	น้อย	น้อย	น้อย	1 — 2 คน	น้อย	ยาก	ไม่เลย	ไม่เลย	ไม่เลย	ส่วนใหญ่	ตลอด	ไม่เคย	ส่วนใหญ่ของเวลา	ส่วนใหญ่ของเวลา	มากกว่าครึ่งหนึ่งของเวลา	ส่วนใหญ่ของเวลา	ส่วนใหญ่ของเวลา
9/4/2026, 12:07:16	ที่พักแรมและบริการด้านอาหาร	มากกว่า 45 ปี																						
9/4/2026, 12:13:53	สุขภาพและกิจกรรมทางสังคม	18 — 24 ปี	ชาย	บ้านเช่า	30,001 — 50,000 บาท	7	1 — 2 ชั่วโมง	น้อย	น้อย	น้อย	1 — 2 คน	น้อย	ยาก	น้อยมาก	น้อยมาก	บ้าง	ส่วนใหญ่	ตลอด	ไม่เคย	มากกว่าครึ่งหนึ่งของเวลา	มากกว่าครึ่งหนึ่งของเวลา	มากกว่าครึ่งหนึ่งของเวลา	มากกว่าครึ่งหนึ่งของเวลา	มากกว่าครึ่งหนึ่งของเวลา
9/4/2026, 12:18:46	สุขภาพและกิจกรรมทางสังคม	35 — 44 ปี	ชาย	อยู่กับครอบครัว / ผู้ปกครอง	50,001 — 80,000 บาท	7	1 — 2 ชั่วโมง	น้อย	น้อย	น้อย	ไม่มี	น้อย	ยาก	ไม่เลย	ไม่เลย	ไม่เลย	ส่วนใหญ่	ตลอด	ไม่เคย	ตลอด	ส่วนใหญ่ของเวลา	ส่วนใหญ่ของเวลา	ส่วนใหญ่ของเวลา	ส่วนใหญ่ของเวลา
9/4/2026, 12:21:05	การขนส่งและคลังสินค้า	18 — 24 ปี	ชาย	อยู่คนเดียว	30,001 — 50,000 บาท	5	1 — 2 ชั่วโมง	บางครั้ง	บางครั้ง	น้อย	1 — 2 คน	น้อย	ยาก	ส่วนใหญ่	ส่วนใหญ่	ส่วนใหญ่	น้อยมาก	ไม่เคย	ตลอด	มากกว่าครึ่งหนึ่งของเวลา	มากกว่าครึ่งหนึ่งของเวลา	มากกว่าครึ่งหนึ่งของเวลา	มากกว่าครึ่งหนึ่งของเวลา	มากกว่าครึ่งหนึ่งของเวลา
9/4/2026, 12:34:42	การเงินและประกันภัย	25 — 34 ปี	ชาย	อยู่คนเดียว	30,001 — 50,000 บาท	4	1 — 2 ชั่วโมง	บ่อยมาก	บ่อยมาก	บ่อยมาก	3 — 5 คน	มาก	เป็นไปได้	ส่วนใหญ่	ส่วนใหญ่	ส่วนใหญ่	ไม่เลย	ไม่เคย	ตลอด	บางครั้ง	บางครั้ง	บางครั้ง	บางครั้ง	บางครั้ง
9/4/2026, 12:41:38	การสื่อสารและเทคโนโลยีสารสนเทศ	25 — 34 ปี	หญิง	อยู่กับครอบครัว / ผู้ปกครอง	30,001 — 50,000 บาท	7	1 — 2 ชั่วโมง	บ่อยครั้ง	บ่อยครั้ง	บ่อยมาก	1 — 2 คน	น้อย	ยาก	ไม่เลย	ไม่เลย	ไม่เลย	ส่วนใหญ่	ตลอด	ไม่เคย	น้อยกว่าครึ่งหนึ่งของเวลา	น้อยกว่าครึ่งหนึ่งของเวลา	น้อยกว่าครึ่งหนึ่งของเวลา	น้อยกว่าครึ่งหนึ่งของเวลา	น้อยกว่าครึ่งหนึ่งของเวลา
9/4/2026, 12:43:27	การค้าส่ง ค้าปลีก และการซ่อมแซม	น้อยกว่า 18 ปี																						
9/4/2026, 13:02:18	การเงินและประกันภัย	18 — 24 ปี	หญิง	อยู่กับเพื่อน / คู่รัก / แชร์ที่พัก	30,001 — 50,000 บาท	7	1 — 2 ชั่วโมง	น้อย	น้อย	น้อย	1 — 2 คน	น้อย	ยาก	ไม่เลย	ไม่เลย	ไม่เลย	ส่วนใหญ่	ตลอด	ไม่เคย	ส่วนใหญ่ของเวลา	ส่วนใหญ่ของเวลา	ส่วนใหญ่ของเวลา	ส่วนใหญ่ของเวลา	ส่วนใหญ่ของเวลา
9/4/2026, 13:04:10	อุตสาหกรรมการผลิตและโรงงาน	35 — 44 ปี	หญิง	อยู่กับครอบครัว / ผู้ปกครอง	50,001 — 80,000 บาท	9	น้อยกว่า 1 ชั่วโมง	ไม่เคย	ไม่เคย	น้อย	1 — 2 คน	น้อย	ยาก	ไม่เลย	ไม่เลย	ไม่เลย	ส่วนใหญ่	ตลอด	ไม่เคย	ส่วนใหญ่ของเวลา	ส่วนใหญ่ของเวลา	มากกว่าครึ่งหนึ่งของเวลา	ส่วนใหญ่ของเวลา	ส่วนใหญ่ของเวลา
9/4/2026, 13:23:14	การบริหารราชการและรัฐวิสาหกิจ	18 — 24 ปี	หญิง	อยู่คนเดียว	50,001 — 80,000 บาท	10	น้อยกว่า 1 ชั่วโมง	ไม่เคย	ไม่เคย	ไม่เคย	ไม่มี	น้อย	ยากมาก	ไม่เลย	ไม่เลย	ไม่เลย	ส่วนใหญ่	ตลอด	ไม่เคย	ส่วนใหญ่ของเวลา	ส่วนใหญ่ของเวลา	มากกว่าครึ่งหนึ่งของเวลา	ส่วนใหญ่ของเวลา	ส่วนใหญ่ของเวลา
9/4/2026, 13:23:58	การศึกษา	25 — 34 ปี	ชาย	อยู่กับครอบครัว / ผู้ปกครอง	มากกว่า 150,000 บาท	9	1 — 2 ชั่วโมง	น้อย	น้อย	น้อย	1 — 2 คน	น้อย	เป็นไปได้	ไม่เลย	ไม่เลย	ไม่เลย	ตลอดเวลา	ตลอด	ไม่เคย	ส่วนใหญ่ของเวลา	ส่วนใหญ่ของเวลา	มากกว่าครึ่งหนึ่งของเวลา	ส่วนใหญ่ของเวลา	ส่วนใหญ่ของเวลา
9/4/2026, 13:43:25	การค้าส่ง ค้าปลีก และการซ่อมแซม	25 — 34 ปี	ชาย	พักในที่ทำงาน	80,001 — 150,000 บาท	10	1 — 2 ชั่วโมง	น้อย	น้อย	น้อย	ไม่มี	น้อย	ยากมาก	ไม่เลย	ไม่เลย	ไม่เลย	ตลอดเวลา	ตลอด	ไม่เคย	ตลอด	ตลอด	ตลอด	ตลอด	ตลอด
9/4/2026, 13:44:24	การศึกษา	25 — 34 ปี	หญิง	อยู่กับครอบครัว / ผู้ปกครอง	30,001 — 50,000 บาท	6	1 — 2 ชั่วโมง	ไม่เคย	ไม่เคย	น้อย	ไม่มี	ไม่มีเลย	ยากมาก	ไม่เลย	ไม่เลย	ไม่เลย	ส่วนใหญ่	ตลอด	ไม่เคย	ตลอด	ตลอด	ตลอด	ตลอด	ตลอด
9/4/2026, 13:52:11	การเงินและประกันภัย	35 — 44 ปี	ชาย	อยู่กับเพื่อน / คู่รัก / แชร์ที่พัก	50,001 — 80,000 บาท	10	1 — 2 ชั่วโมง	น้อย	น้อย	น้อย	1 — 2 คน	น้อย	ยาก	น้อยมาก	น้อยมาก	บ้าง	ส่วนใหญ่	ตลอด	ไม่เคย	มากกว่าครึ่งหนึ่งของเวลา	มากกว่าครึ่งหนึ่งของเวลา	มากกว่าครึ่งหนึ่งของเวลา	มากกว่าครึ่งหนึ่งของเวลา	มากกว่าครึ่งหนึ่งของเวลา
9/4/2026, 14:05:31	การขนส่งและคลังสินค้า	25 — 34 ปี	หญิง	อยู่กับครอบครัว / ผู้ปกครอง	30,001 — 50,000 บาท	5	1 — 2 ชั่วโมง	บ่อยมาก	บ่อยมาก	บ่อยมาก	3 — 5 คน	มาก	เป็นไปได้	ส่วนใหญ่	ส่วนใหญ่	ส่วนใหญ่	น้อยมาก	ไม่เคย	ตลอด	บางครั้ง	บางครั้ง	บางครั้ง	บางครั้ง	บางครั้ง
9/4/2026, 14:14:38	การสื่อสารและเทคโนโลยีสารสนเทศ	35 — 44 ปี	ชาย	อยู่กับเพื่อน / คู่รัก / แชร์ที่พัก	30,001 — 50,000 บาท	4	1 — 2 ชั่วโมง	น้อย	น้อย	น้อย	1 — 2 คน	น้อย	ยาก	ตลอดเวลา	ส่วนใหญ่	ส่วนใหญ่	น้อยมาก	ไม่เคย	ตลอด	น้อยกว่าครึ่งหนึ่งของเวลา	น้อยกว่าครึ่งหนึ่งของเวลา	น้อยกว่าครึ่งหนึ่งของเวลา	น้อยกว่าครึ่งหนึ่งของเวลา	น้อยกว่าครึ่งหนึ่งของเวลา
9/4/2026, 14:36:27	ที่พักแรมและบริการด้านอาหาร	25 — 34 ปี	ชาย	อพาร์ทเม้นท์	10,000 — 20,000 บาท	4	1 — 2 ชั่วโมง	น้อย	น้อย	น้อย	1 — 2 คน	น้อย	ยาก	ส่วนใหญ่	บ้าง	ส่วนใหญ่	น้อยมาก	ไม่เคย	ตลอด	น้อยกว่าครึ่งหนึ่งของเวลา	น้อยกว่าครึ่งหนึ่งของเวลา	น้อยกว่าครึ่งหนึ่งของเวลา	น้อยกว่าครึ่งหนึ่งของเวลา	น้อยกว่าครึ่งหนึ่งของเวลา
9/4/2026, 14:45:18	การสื่อสารและเทคโนโลยีสารสนเทศ	มากกว่า 45 ปี																						
9/4/2026, 15:05:02	การสื่อสารและเทคโนโลยีสารสนเทศ	25 — 34 ปี	ชาย	อยู่กับครอบครัว / ผู้ปกครอง	20,001 — 30,000 บาท	4	2 — 4 ชั่วโมง	บ่อยมาก	บ่อยมาก	บ่อยมาก	3 — 5 คน	น้อย	ยาก	ส่วนใหญ่	ส่วนใหญ่	ส่วนใหญ่	น้อยมาก	ไม่เคย	ตลอด	บางครั้ง	บางครั้ง	บางครั้ง	บางครั้ง	บางครั้ง
9/4/2026, 15:07:19	การค้าส่ง ค้าปลีก และการซ่อมแซม	25 — 34 ปี	หญิง	อพาร์ทเม้นท์	มากกว่า 150,000 บาท	10	2 — 4 ชั่วโมง	บ่อยมาก	บ่อยมาก	บ่อยมาก	1 — 2 คน	น้อย	ยาก	ไม่เลย	ไม่เลย	น้อยมาก	ตลอดเวลา	ตลอด	ไม่เคย	ไม่เคยเลย	ไม่เคยเลย	ไม่เคยเลย	ไม่เคยเลย	ไม่เคยเลย
9/4/2026, 15:09:01	อุตสาหกรรมการผลิตและโรงงาน	18 — 24 ปี	หญิง	คอนโด	50,001 — 80,000 บาท	10	2 — 4 ชั่วโมง	บ่อยครั้ง	บ่อยครั้ง	บ่อยมาก	1 — 2 คน	น้อย	ยาก	ไม่เลย	ไม่เลย	ไม่เลย	ส่วนใหญ่	ตลอด	ไม่เคย	บางครั้ง	บางครั้ง	บางครั้ง	บางครั้ง	บางครั้ง
9/4/2026, 15:26:32	การบริหารราชการและรัฐวิสาหกิจ	25 — 34 ปี	หญิง	อยู่กับครอบครัว / ผู้ปกครอง	มากกว่า 150,000 บาท	7	1 — 2 ชั่วโมง	น้อย	น้อย	น้อย	1 — 2 คน	น้อย	ยาก	น้อยมาก	น้อยมาก	บ้าง	ตลอดเวลา	ตลอด	ไม่เคย	มากกว่าครึ่งหนึ่งของเวลา	มากกว่าครึ่งหนึ่งของเวลา	มากกว่าครึ่งหนึ่งของเวลา	มากกว่าครึ่งหนึ่งของเวลา	มากกว่าครึ่งหนึ่งของเวลา
9/4/2026, 15:30:19	การขนส่งและคลังสินค้า	18 — 24 ปี	ชาย	อยู่กับครอบครัว / ผู้ปกครอง	50,001 — 80,000 บาท	9	1 — 2 ชั่วโมง	น้อย	น้อย	น้อย	1 — 2 คน	น้อย	เป็นไปได้	ไม่เลย	ไม่เลย	ไม่เลย	ส่วนใหญ่	ตลอด	ไม่เคย	ตลอด	ส่วนใหญ่ของเวลา	ส่วนใหญ่ของเวลา	ส่วนใหญ่ของเวลา	ส่วนใหญ่ของเวลา
9/4/2026, 15:39:33	การสื่อสารและเทคโนโลยีสารสนเทศ	มากกว่า 45 ปี																						
9/4/2026, 16:02:20	การค้าส่ง ค้าปลีก และการซ่อมแซม	35 — 44 ปี	ชาย	คอนโด	20,001 — 30,000 บาท	5	1 — 2 ชั่วโมง	น้อย	น้อย	น้อย	3 — 5 คน	น้อย	ยาก	ตลอดเวลา	ส่วนใหญ่	ส่วนใหญ่	น้อยมาก	ไม่เคย	ตลอด	บางครั้ง	น้อยกว่าครึ่งหนึ่งของเวลา	น้อยกว่าครึ่งหนึ่งของเวลา	น้อยกว่าครึ่งหนึ่งของเวลา	บางครั้ง
9/4/2026, 16:11:15	การศึกษา	18 — 24 ปี	ชาย	อยู่กับครอบครัว / ผู้ปกครอง	50,001 — 80,000 บาท	10	1 — 2 ชั่วโมง	น้อย	น้อย	น้อย	1 — 2 คน	น้อย	ยาก	ไม่เลย	ไม่เลย	น้อยมาก	ส่วนใหญ่	ตลอด	ไม่เคย	ส่วนใหญ่ของเวลา	ส่วนใหญ่ของเวลา	มากกว่าครึ่งหนึ่งของเวลา	ส่วนใหญ่ของเวลา	ส่วนใหญ่ของเวลา
9/4/2026, 16:11:38	การเงินและประกันภัย	35 — 44 ปี	ชาย	อยู่คนเดียว	80,001 — 150,000 บาท	10	2 — 4 ชั่วโมง	บ่อยครั้ง	บ่อยมาก	บ่อยครั้ง	1 — 2 คน	น้อย	ยาก	ไม่เลย	ไม่เลย	ไม่เลย	ตลอดเวลา	ตลอด	ไม่เคย	น้อยกว่าครึ่งหนึ่งของเวลา	บางครั้ง	น้อยกว่าครึ่งหนึ่งของเวลา	น้อยกว่าครึ่งหนึ่งของเวลา	น้อยกว่าครึ่งหนึ่งของเวลา
9/4/2026, 16:32:33	สุขภาพและกิจกรรมทางสังคม	25 — 34 ปี	หญิง	อพาร์ทเม้นท์	20,001 — 30,000 บาท	6	น้อยกว่า 1 ชั่วโมง	ไม่เคย	ไม่เคย	ไม่เคย	ไม่มี	น้อย	ยาก	ไม่เลย	ไม่เลย	ไม่เลย	ส่วนใหญ่	ตลอด	ไม่เคย	ส่วนใหญ่ของเวลา	ส่วนใหญ่ของเวลา	มากกว่าครึ่งหนึ่งของเวลา	ส่วนใหญ่ของเวลา	ส่วนใหญ่ของเวลา
9/4/2026, 16:33:43	ที่พักแรมและบริการด้านอาหาร	35 — 44 ปี	หญิง	อยู่กับครอบครัว / ผู้ปกครอง	50,001 — 80,000 บาท	7	1 — 2 ชั่วโมง	น้อย	น้อย	น้อย	1 — 2 คน	น้อย	ยาก	ไม่เลย	ไม่เลย	น้อยมาก	ตลอดเวลา	ตลอด	ไม่เคย	มากกว่าครึ่งหนึ่งของเวลา	มากกว่าครึ่งหนึ่งของเวลา	มากกว่าครึ่งหนึ่งของเวลา	มากกว่าครึ่งหนึ่งของเวลา	มากกว่าครึ่งหนึ่งของเวลา
9/4/2026, 16:53:50	การศึกษา	25 — 34 ปี	หญิง	อพาร์ทเม้นท์	20,001 — 30,000 บาท	6	1 — 2 ชั่วโมง	น้อย	น้อย	น้อย	1 — 2 คน	น้อย	ยาก	ไม่เลย	ไม่เลย	ไม่เลย	ตลอดเวลา	ตลอด	ไม่เคย	ส่วนใหญ่ของเวลา	ส่วนใหญ่ของเวลา	ส่วนใหญ่ของเวลา	ส่วนใหญ่ของเวลา	ส่วนใหญ่ของเวลา
9/4/2026, 17:39:09	การค้าส่ง ค้าปลีก และการซ่อมแซม	18 — 24 ปี	หญิง	อยู่กับเพื่อน / คู่รัก / แชร์ที่พัก	30,001 — 50,000 บาท	5	1 — 2 ชั่วโมง	บ่อยครั้ง	บางครั้ง	บ่อยมาก	3 — 5 คน	น้อย	เป็นไปได้	ตลอดเวลา	ส่วนใหญ่	ตลอดเวลา	ไม่เลย	ไม่เคย	ตลอด	บางครั้ง	บางครั้ง	บางครั้ง	บางครั้ง	บางครั้ง
9/4/2026, 17:50:07	การค้าส่ง ค้าปลีก และการซ่อมแซม	25 — 34 ปี	ชาย	หอพัก	20,001 — 30,000 บาท	5	2 — 4 ชั่วโมง	บ่อยครั้ง	บ่อยมาก	บ่อยมาก	3 — 5 คน	มาก	เป็นไปได้	ส่วนใหญ่	ตลอดเวลา	ส่วนใหญ่	น้อยมาก	ไม่เคย	ตลอด	บางครั้ง	บางครั้ง	บางครั้ง	บางครั้ง	บางครั้ง
9/4/2026, 17:54:28	การศึกษา	35 — 44 ปี	หญิง	อยู่กับเพื่อน / คู่รัก / แชร์ที่พัก	20,001 — 30,000 บาท	4	1 — 2 ชั่วโมง	บ่อยมาก	บ่อยมาก	บ่อยมาก	3 — 5 คน	มาก	ง่าย	ตลอดเวลา	ส่วนใหญ่	ตลอดเวลา	น้อยมาก	ไม่เคย	ตลอด	บางครั้ง	บางครั้ง	บางครั้ง	บางครั้ง	บางครั้ง
9/4/2026, 17:59:49	ที่พักแรมและบริการด้านอาหาร	น้อยกว่า 18 ปี																						
9/4/2026, 18:15:41	การเงินและประกันภัย	18 — 24 ปี	หญิง	อยู่กับครอบครัว / ผู้ปกครอง	80,001 — 150,000 บาท	9	1 — 2 ชั่วโมง	ไม่เคย	ไม่เคย	ไม่เคย	ไม่มี	น้อย	ยาก	ไม่เลย	ไม่เลย	น้อยมาก	ส่วนใหญ่	ตลอด	ไม่เคย	ส่วนใหญ่ของเวลา	ส่วนใหญ่ของเวลา	มากกว่าครึ่งหนึ่งของเวลา	มากกว่าครึ่งหนึ่งของเวลา	ส่วนใหญ่ของเวลา
9/4/2026, 18:45:26	อุตสาหกรรมการผลิตและโรงงาน	35 — 44 ปี	หญิง	อยู่กับครอบครัว / ผู้ปกครอง	30,001 — 50,000 บาท	5	1 — 2 ชั่วโมง	บางครั้ง	น้อย	น้อย	1 — 2 คน	น้อย	ยาก	ตลอดเวลา	ส่วนใหญ่	ตลอดเวลา	ไม่เลย	ไม่เคย	ตลอด	บางครั้ง	บางครั้ง	น้อยกว่าครึ่งหนึ่งของเวลา	บางครั้ง	บางครั้ง
9/4/2026, 19:06:04	การสื่อสารและเทคโนโลยีสารสนเทศ	18 — 24 ปี	หญิง	อพาร์ทเม้นท์	20,001 — 30,000 บาท	5	1 — 2 ชั่วโมง	น้อย	น้อย	น้อย	1 — 2 คน	น้อย	ยาก	ตลอดเวลา	ส่วนใหญ่	ส่วนใหญ่	ไม่เลย	ไม่เคย	ตลอด	น้อยกว่าครึ่งหนึ่งของเวลา	น้อยกว่าครึ่งหนึ่งของเวลา	น้อยกว่าครึ่งหนึ่งของเวลา	น้อยกว่าครึ่งหนึ่งของเวลา	น้อยกว่าครึ่งหนึ่งของเวลา
9/4/2026, 19:08:00	การสื่อสารและเทคโนโลยีสารสนเทศ	18 — 24 ปี	หญิง	อยู่กับครอบครัว / ผู้ปกครอง	30,001 — 50,000 บาท	5	2 — 4 ชั่วโมง	บางครั้ง	บางครั้ง	น้อย	3 — 5 คน	น้อย	เป็นไปได้	ตลอดเวลา	ส่วนใหญ่	ตลอดเวลา	น้อยมาก	ไม่เคย	ตลอด	น้อยกว่าครึ่งหนึ่งของเวลา	น้อยกว่าครึ่งหนึ่งของเวลา	น้อยกว่าครึ่งหนึ่งของเวลา	น้อยกว่าครึ่งหนึ่งของเวลา	น้อยกว่าครึ่งหนึ่งของเวลา
9/4/2026, 19:29:06	ที่พักแรมและบริการด้านอาหาร	18 — 24 ปี	หญิง	อยู่กับเพื่อน / คู่รัก / แชร์ที่พัก	50,001 — 80,000 บาท	8	1 — 2 ชั่วโมง	น้อย	น้อย	น้อย	1 — 2 คน	น้อย	ยาก	ไม่เลย	ไม่เลย	ไม่เลย	ส่วนใหญ่	ตลอด	ไม่เคย	ส่วนใหญ่ของเวลา	ส่วนใหญ่ของเวลา	ส่วนใหญ่ของเวลา	ส่วนใหญ่ของเวลา	ส่วนใหญ่ของเวลา
9/4/2026, 19:50:27	การเงินและประกันภัย	18 — 24 ปี	หญิง	อยู่คนเดียว	30,001 — 50,000 บาท	4	2 — 4 ชั่วโมง	บ่อยมาก	บ่อยมาก	บ่อยมาก	3 — 5 คน	น้อย	ยาก	ตลอดเวลา	ส่วนใหญ่	ตลอดเวลา	น้อยมาก	ไม่เคย	ตลอด	บางครั้ง	บางครั้ง	บางครั้ง	บางครั้ง	บางครั้ง
9/4/2026, 20:04:49	ที่พักแรมและบริการด้านอาหาร	35 — 44 ปี	ชาย	หอพัก	30,001 — 50,000 บาท	4	2 — 4 ชั่วโมง	บางครั้ง	น้อย	น้อย	3 — 5 คน	น้อย	เป็นไปได้	ส่วนใหญ่	บ้าง	ส่วนใหญ่	ไม่เลย	ไม่เคย	ตลอด	บางครั้ง	บางครั้ง	บางครั้ง	บางครั้ง	บางครั้ง
9/4/2026, 20:11:28	อุตสาหกรรมการผลิตและโรงงาน	18 — 24 ปี	ชาย	อยู่คนเดียว	30,001 — 50,000 บาท	6	1 — 2 ชั่วโมง	ไม่เคย	น้อย	ไม่เคย	1 — 2 คน	น้อย	เป็นไปได้	ไม่เลย	ไม่เลย	น้อยมาก	ตลอดเวลา	ตลอด	ไม่เคย	มากกว่าครึ่งหนึ่งของเวลา	มากกว่าครึ่งหนึ่งของเวลา	มากกว่าครึ่งหนึ่งของเวลา	มากกว่าครึ่งหนึ่งของเวลา	มากกว่าครึ่งหนึ่งของเวลา
9/4/2026, 20:12:19	การขนส่งและคลังสินค้า	25 — 34 ปี	หญิง	อยู่คนเดียว	20,001 — 30,000 บาท	7	1 — 2 ชั่วโมง	ไม่เคย	น้อย	น้อย	1 — 2 คน	น้อย	ยาก	น้อยมาก	ไม่เลย	น้อยมาก	ส่วนใหญ่	ตลอด	ไม่เคย	ส่วนใหญ่ของเวลา	ส่วนใหญ่ของเวลา	ส่วนใหญ่ของเวลา	ส่วนใหญ่ของเวลา	ส่วนใหญ่ของเวลา
9/4/2026, 20:26:56	สุขภาพและกิจกรรมทางสังคม	18 — 24 ปี	ชาย	อยู่กับครอบครัว / ผู้ปกครอง	80,001 — 150,000 บาท	9	1 — 2 ชั่วโมง	ไม่เคย	น้อย	น้อย	1 — 2 คน	น้อย	ยาก	ไม่เลย	ไม่เลย	ไม่เลย	ส่วนใหญ่	ตลอด	ไม่เคย	ส่วนใหญ่ของเวลา	ส่วนใหญ่ของเวลา	ส่วนใหญ่ของเวลา	ส่วนใหญ่ของเวลา	ส่วนใหญ่ของเวลา
9/4/2026, 20:32:57	การศึกษา	35 — 44 ปี	หญิง	อยู่กับเพื่อน / คู่รัก / แชร์ที่พัก	20,001 — 30,000 บาท	5	1 — 2 ชั่วโมง	น้อย	น้อย	น้อย	3 — 5 คน	น้อย	ยาก	ส่วนใหญ่	บ้าง	ส่วนใหญ่	น้อยมาก	ไม่เคย	ตลอด	บางครั้ง	น้อยกว่าครึ่งหนึ่งของเวลา	บางครั้ง	บางครั้ง	บางครั้ง
9/4/2026, 20:48:05	การศึกษา	18 — 24 ปี	ชาย	อยู่กับเพื่อน / คู่รัก / แชร์ที่พัก	20,001 — 30,000 บาท	6	1 — 2 ชั่วโมง	ไม่เคย	น้อย	น้อย	ไม่มี	น้อย	ยาก	ไม่เลย	ไม่เลย	ไม่เลย	ส่วนใหญ่	ตลอด	ไม่เคย	ส่วนใหญ่ของเวลา	ส่วนใหญ่ของเวลา	ส่วนใหญ่ของเวลา	ส่วนใหญ่ของเวลา	ส่วนใหญ่ของเวลา
10/4/2026, 9:53:26	การขนส่งและคลังสินค้า	35 — 44 ปี	หญิง	อยู่คนเดียว	30,001 — 50,000 บาท	6	1 — 2 ชั่วโมง	น้อย	น้อย	น้อย	1 — 2 คน	น้อย	ยาก	ไม่เลย	ไม่เลย	น้อยมาก	ส่วนใหญ่	ตลอด	ไม่เคย	มากกว่าครึ่งหนึ่งของเวลา	มากกว่าครึ่งหนึ่งของเวลา	มากกว่าครึ่งหนึ่งของเวลา	มากกว่าครึ่งหนึ่งของเวลา	มากกว่าครึ่งหนึ่งของเวลา
10/4/2026, 10:15:49	การสื่อสารและเทคโนโลยีสารสนเทศ	25 — 34 ปี	ชาย	อยู่คนเดียว	30,001 — 50,000 บาท	7	2 — 4 ชั่วโมง	บ่อยครั้ง	บ่อยครั้ง	บ่อยมาก	ไม่มี	ไม่มีเลย	ยาก	ไม่เลย	ไม่เลย	ไม่เลย	ส่วนใหญ่	ตลอด	ไม่เคย	ส่วนใหญ่ของเวลา	ส่วนใหญ่ของเวลา	ส่วนใหญ่ของเวลา	ส่วนใหญ่ของเวลา	ส่วนใหญ่ของเวลา
10/4/2026, 10:28:06	การสื่อสารและเทคโนโลยีสารสนเทศ	มากกว่า 45 ปี																						
10/4/2026, 10:37:14	การเงินและประกันภัย	35 — 44 ปี	ชาย	พักในที่ทำงาน	50,001 — 80,000 บาท	8	1 — 2 ชั่วโมง	บ่อยครั้ง	บ่อยครั้ง	บ่อยมาก	1 — 2 คน	น้อย	ยาก	ไม่เลย	ไม่เลย	ไม่เลย	ตลอดเวลา	ตลอด	ไม่เคย	บางครั้ง	บางครั้ง	บางครั้ง	บางครั้ง	บางครั้ง
10/4/2026, 10:37:40	การขนส่งและคลังสินค้า	35 — 44 ปี	หญิง	อยู่กับเพื่อน / คู่รัก / แชร์ที่พัก	20,001 — 30,000 บาท	5	น้อยกว่า 1 ชั่วโมง	น้อย	น้อย	น้อย	1 — 2 คน	น้อย	ยาก	ส่วนใหญ่	บ้าง	ส่วนใหญ่	น้อยมาก	ไม่เคย	ตลอด	น้อยกว่าครึ่งหนึ่งของเวลา	น้อยกว่าครึ่งหนึ่งของเวลา	น้อยกว่าครึ่งหนึ่งของเวลา	น้อยกว่าครึ่งหนึ่งของเวลา	น้อยกว่าครึ่งหนึ่งของเวลา
10/4/2026, 10:40:24	การเงินและประกันภัย	25 — 34 ปี	ชาย	อยู่คนเดียว	30,001 — 50,000 บาท	6	2 — 4 ชั่วโมง	บ่อยครั้ง	บ่อยมาก	บ่อยมาก	1 — 2 คน	น้อย	ยาก	ไม่เลย	ไม่เลย	ไม่เลย	ตลอดเวลา	ตลอด	ไม่เคย	บางครั้ง	บางครั้ง	บางครั้ง	บางครั้ง	บางครั้ง
10/4/2026, 10:49:34	การเงินและประกันภัย	35 — 44 ปี	หญิง	อยู่กับเพื่อน / คู่รัก / แชร์ที่พัก	50,001 — 80,000 บาท	7	1 — 2 ชั่วโมง	ไม่เคย	น้อย	น้อย	1 — 2 คน	น้อย	ยาก	ไม่เลย	ไม่เลย	ไม่เลย	ตลอดเวลา	ตลอด	ไม่เคย	ส่วนใหญ่ของเวลา	ส่วนใหญ่ของเวลา	มากกว่าครึ่งหนึ่งของเวลา	ส่วนใหญ่ของเวลา	ส่วนใหญ่ของเวลา
10/4/2026, 10:59:39	การค้าส่ง ค้าปลีก และการซ่อมแซม	35 — 44 ปี	หญิง	อพาร์ทเม้นท์	30,001 — 50,000 บาท	4	1 — 2 ชั่วโมง	บ่อยครั้ง	บ่อยครั้ง	บางครั้ง	3 — 5 คน	น้อย	เป็นไปได้	ตลอดเวลา	ส่วนใหญ่	ตลอดเวลา	น้อยมาก	ไม่เคย	ตลอด	บางครั้ง	บางครั้ง	บางครั้ง	บางครั้ง	บางครั้ง
10/4/2026, 11:20:59	การเงินและประกันภัย	18 — 24 ปี	ชาย	คอนโด	30,001 — 50,000 บาท	4	1 — 2 ชั่วโมง	บางครั้ง	น้อย	น้อย	3 — 5 คน	น้อย	ยาก	ส่วนใหญ่	บ้าง	ส่วนใหญ่	ไม่เลย	ไม่เคย	ตลอด	ส่วนใหญ่ของเวลา	ส่วนใหญ่ของเวลา	ส่วนใหญ่ของเวลา	ส่วนใหญ่ของเวลา	ส่วนใหญ่ของเวลา
10/4/2026, 11:43:09	การค้าส่ง ค้าปลีก และการซ่อมแซม	35 — 44 ปี	ชาย	หอพัก	30,001 — 50,000 บาท	4	1 — 2 ชั่วโมง	บ่อยครั้ง	บ่อยครั้ง	บางครั้ง	3 — 5 คน	น้อย	ยาก	ตลอดเวลา	ส่วนใหญ่	ส่วนใหญ่	ไม่เลย	ไม่เคย	ตลอด	น้อยกว่าครึ่งหนึ่งของเวลา	น้อยกว่าครึ่งหนึ่งของเวลา	น้อยกว่าครึ่งหนึ่งของเวลา	น้อยกว่าครึ่งหนึ่งของเวลา	น้อยกว่าครึ่งหนึ่งของเวลา
10/4/2026, 11:47:46	สุขภาพและกิจกรรมทางสังคม	35 — 44 ปี	หญิง	หอพัก	50,001 — 80,000 บาท	7	1 — 2 ชั่วโมง	บ่อยมาก	บ่อยมาก	บ่อยมาก	3 — 5 คน	น้อย	ยาก	ไม่เลย	ไม่เลย	ไม่เลย	ส่วนใหญ่	ตลอด	ไม่เคย	บางครั้ง	บางครั้ง	บางครั้ง	บางครั้ง	บางครั้ง
10/4/2026, 12:09:47	การสื่อสารและเทคโนโลยีสารสนเทศ	25 — 34 ปี	ชาย	อยู่กับเพื่อน / คู่รัก / แชร์ที่พัก	30,001 — 50,000 บาท	5	1 — 2 ชั่วโมง	บางครั้ง	บางครั้ง	น้อย	3 — 5 คน	น้อย	ยาก	ส่วนใหญ่	ส่วนใหญ่	ส่วนใหญ่	น้อยมาก	ไม่เคย	ตลอด	ส่วนใหญ่ของเวลา	ส่วนใหญ่ของเวลา	ส่วนใหญ่ของเวลา	ส่วนใหญ่ของเวลา	ส่วนใหญ่ของเวลา
10/4/2026, 12:25:04	การค้าส่ง ค้าปลีก และการซ่อมแซม	25 — 34 ปี	หญิง	อยู่กับเพื่อน / คู่รัก / แชร์ที่พัก	50,001 — 80,000 บาท	7	1 — 2 ชั่วโมง	บ่อยครั้ง	บ่อยครั้ง	บ่อยมาก	1 — 2 คน	น้อย	ยาก	ไม่เลย	ไม่เลย	น้อยมาก	ตลอดเวลา	ตลอด	ไม่เคย	บางครั้ง	บางครั้ง	บางครั้ง	บางครั้ง	บางครั้ง
10/4/2026, 12:31:04	การศึกษา	25 — 34 ปี	หญิง	อยู่คนเดียว	10,000 — 20,000 บาท	3	1 — 2 ชั่วโมง	บางครั้ง	น้อย	น้อย	3 — 5 คน	น้อย	เป็นไปได้	ส่วนใหญ่	ส่วนใหญ่	ส่วนใหญ่	ไม่เลย	ไม่เคย	ตลอด	น้อยกว่าครึ่งหนึ่งของเวลา	น้อยกว่าครึ่งหนึ่งของเวลา	น้อยกว่าครึ่งหนึ่งของเวลา	น้อยกว่าครึ่งหนึ่งของเวลา	น้อยกว่าครึ่งหนึ่งของเวลา
10/4/2026, 12:39:55	อุตสาหกรรมการผลิตและโรงงาน	มากกว่า 45 ปี																						
10/4/2026, 12:42:35	การศึกษา	18 — 24 ปี	หญิง	อยู่คนเดียว	30,001 — 50,000 บาท	4	1 — 2 ชั่วโมง	บ่อยครั้ง	บ่อยครั้ง	บางครั้ง	1 — 2 คน	น้อย	ยาก	ตลอดเวลา	ส่วนใหญ่	ตลอดเวลา	น้อยมาก	ไม่เคย	ตลอด	น้อยกว่าครึ่งหนึ่งของเวลา	น้อยกว่าครึ่งหนึ่งของเวลา	น้อยกว่าครึ่งหนึ่งของเวลา	น้อยกว่าครึ่งหนึ่งของเวลา	น้อยกว่าครึ่งหนึ่งของเวลา
10/4/2026, 12:46:47	อุตสาหกรรมการผลิตและโรงงาน	18 — 24 ปี	หญิง	อยู่กับเพื่อน / คู่รัก / แชร์ที่พัก	30,001 — 50,000 บาท	7	1 — 2 ชั่วโมง	บ่อยมาก	บ่อยมาก	บ่อยมาก	1 — 2 คน	น้อย	ยาก	ไม่เลย	ไม่เลย	ไม่เลย	ตลอดเวลา	ตลอด	ไม่เคย	บางครั้ง	บางครั้ง	บางครั้ง	บางครั้ง	บางครั้ง
10/4/2026, 12:49:31	ที่พักแรมและบริการด้านอาหาร	25 — 34 ปี	ชาย	คอนโด	20,001 — 30,000 บาท	6	1 — 2 ชั่วโมง	บางครั้ง	น้อย	น้อย	1 — 2 คน	น้อย	ยาก	น้อยมาก	ไม่เลย	บ้าง	ตลอดเวลา	ตลอด	ไม่เคย	มากกว่าครึ่งหนึ่งของเวลา	มากกว่าครึ่งหนึ่งของเวลา	มากกว่าครึ่งหนึ่งของเวลา	มากกว่าครึ่งหนึ่งของเวลา	มากกว่าครึ่งหนึ่งของเวลา
10/4/2026, 13:02:37	รับจ้างทั่วไป	18 — 24 ปี	หญิง	อยู่กับครอบครัว / ผู้ปกครอง	30,001 — 50,000 บาท	6	1 — 2 ชั่วโมง	น้อย	น้อย	น้อย	1 — 2 คน	น้อย	ยาก	ไม่เลย	ไม่เลย	น้อยมาก	ตลอดเวลา	ตลอด	ไม่เคย	มากกว่าครึ่งหนึ่งของเวลา	มากกว่าครึ่งหนึ่งของเวลา	มากกว่าครึ่งหนึ่งของเวลา	มากกว่าครึ่งหนึ่งของเวลา	มากกว่าครึ่งหนึ่งของเวลา
10/4/2026, 13:05:03	ที่พักแรมและบริการด้านอาหาร	25 — 34 ปี	ชาย	อพาร์ทเม้นท์	50,001 — 80,000 บาท	8	1 — 2 ชั่วโมง	น้อย	น้อย	น้อย	1 — 2 คน	น้อย	ยาก	น้อยมาก	น้อยมาก	บ้าง	ตลอดเวลา	ตลอด	ไม่เคย	ส่วนใหญ่ของเวลา	มากกว่าครึ่งหนึ่งของเวลา	ส่วนใหญ่ของเวลา	ส่วนใหญ่ของเวลา	ส่วนใหญ่ของเวลา
10/4/2026, 13:15:19	การสื่อสารและเทคโนโลยีสารสนเทศ	มากกว่า 45 ปี																						
10/4/2026, 13:21:53	นักเรียน/นักศึกษา																							
10/4/2026, 13:25:14	การบริหารราชการและรัฐวิสาหกิจ	35 — 44 ปี	หญิง	อยู่กับเพื่อน / คู่รัก / แชร์ที่พัก	30,001 — 50,000 บาท	5	1 — 2 ชั่วโมง	บ่อยครั้ง	บางครั้ง	บางครั้ง	3 — 5 คน	น้อย	ยาก	ตลอดเวลา	ส่วนใหญ่	ส่วนใหญ่	ไม่เลย	ไม่เคย	ตลอด	บางครั้ง	น้อยกว่าครึ่งหนึ่งของเวลา	บางครั้ง	บางครั้ง	บางครั้ง
10/4/2026, 13:44:23	การค้าส่ง ค้าปลีก และการซ่อมแซม	25 — 34 ปี	หญิง	อยู่กับครอบครัว / ผู้ปกครอง	50,001 — 80,000 บาท	9	น้อยกว่า 1 ชั่วโมง	ไม่เคย	ไม่เคย	น้อย	1 — 2 คน	น้อย	ยาก	ไม่เลย	ไม่เลย	ไม่เลย	ส่วนใหญ่	ตลอด	ไม่เคย	ตลอด	ตลอด	ตลอด	ตลอด	ตลอด
10/4/2026, 13:49:12	การเกษตรกรรม ป่าไม้ และประมง	25 — 34 ปี	หญิง	อยู่กับเพื่อน / คู่รัก / แชร์ที่พัก	80,001 — 150,000 บาท	8	1 — 2 ชั่วโมง	น้อย	น้อย	น้อย	1 — 2 คน	น้อย	เป็นไปได้	น้อยมาก	ไม่เลย	บ้าง	ตลอดเวลา	ตลอด	ไม่เคย	มากกว่าครึ่งหนึ่งของเวลา	มากกว่าครึ่งหนึ่งของเวลา	มากกว่าครึ่งหนึ่งของเวลา	มากกว่าครึ่งหนึ่งของเวลา	มากกว่าครึ่งหนึ่งของเวลา
10/4/2026, 13:52:30	การขนส่งและคลังสินค้า	25 — 34 ปี	ชาย	อยู่คนเดียว	30,001 — 50,000 บาท	6	1 — 2 ชั่วโมง	น้อย	น้อย	น้อย	1 — 2 คน	น้อย	ยาก	บ้าง	น้อยมาก	ส่วนใหญ่	ส่วนใหญ่	ตลอด	ไม่เคย	มากกว่าครึ่งหนึ่งของเวลา	มากกว่าครึ่งหนึ่งของเวลา	มากกว่าครึ่งหนึ่งของเวลา	มากกว่าครึ่งหนึ่งของเวลา	มากกว่าครึ่งหนึ่งของเวลา
10/4/2026, 13:54:15	การเงินและประกันภัย	มากกว่า 45 ปี																						
10/4/2026, 13:55:54	การค้าส่ง ค้าปลีก และการซ่อมแซม	25 — 34 ปี	ชาย	อยู่กับครอบครัว / ผู้ปกครอง	50,001 — 80,000 บาท	9	1 — 2 ชั่วโมง	น้อย	น้อย	น้อย	1 — 2 คน	น้อย	ยาก	ไม่เลย	ไม่เลย	น้อยมาก	ส่วนใหญ่	ตลอด	ไม่เคย	ส่วนใหญ่ของเวลา	ส่วนใหญ่ของเวลา	ส่วนใหญ่ของเวลา	ส่วนใหญ่ของเวลา	ส่วนใหญ่ของเวลา
10/4/2026, 14:59:22	การขนส่งและคลังสินค้า	35 — 44 ปี	หญิง	อยู่กับเพื่อน / คู่รัก / แชร์ที่พัก	30,001 — 50,000 บาท	5	2 — 4 ชั่วโมง	บางครั้ง	น้อย	น้อย	3 — 5 คน	น้อย	ยาก	ตลอดเวลา	ส่วนใหญ่	ส่วนใหญ่	น้อยมาก	ไม่เคย	ตลอด	น้อยกว่าครึ่งหนึ่งของเวลา	น้อยกว่าครึ่งหนึ่งของเวลา	น้อยกว่าครึ่งหนึ่งของเวลา	น้อยกว่าครึ่งหนึ่งของเวลา	น้อยกว่าครึ่งหนึ่งของเวลา
10/4/2026, 15:00:46	การสื่อสารและเทคโนโลยีสารสนเทศ	35 — 44 ปี	ชาย	อยู่คนเดียว	30,001 — 50,000 บาท	5	2 — 4 ชั่วโมง	บางครั้ง	บ่อยครั้ง	น้อย	1 — 2 คน	น้อย	ยาก	ส่วนใหญ่	บ้าง	ส่วนใหญ่	ไม่เลย	ไม่เคย	ตลอด	ส่วนใหญ่ของเวลา	ส่วนใหญ่ของเวลา	มากกว่าครึ่งหนึ่งของเวลา	มากกว่าครึ่งหนึ่งของเวลา	มากกว่าครึ่งหนึ่งของเวลา
10/4/2026, 15:23:12	การค้าส่ง ค้าปลีก และการซ่อมแซม	25 — 34 ปี	หญิง	อยู่กับครอบครัว / ผู้ปกครอง	80,001 — 150,000 บาท	8	1 — 2 ชั่วโมง	น้อย	น้อย	น้อย	1 — 2 คน	น้อย	ยาก	ไม่เลย	ไม่เลย	ไม่เลย	ส่วนใหญ่	ตลอด	ไม่เคย	ส่วนใหญ่ของเวลา	ส่วนใหญ่ของเวลา	ส่วนใหญ่ของเวลา	ส่วนใหญ่ของเวลา	ส่วนใหญ่ของเวลา
10/4/2026, 15:47:01	การค้าส่ง ค้าปลีก และการซ่อมแซม	35 — 44 ปี	ชาย	คอนโด	50,001 — 80,000 บาท	8	1 — 2 ชั่วโมง	บ่อยครั้ง	บ่อยครั้ง	บ่อยมาก	1 — 2 คน	น้อย	ยาก	ไม่เลย	ไม่เลย	ไม่เลย	ส่วนใหญ่	ตลอด	ไม่เคย	บางครั้ง	บางครั้ง	บางครั้ง	บางครั้ง	บางครั้ง
10/4/2026, 16:08:56	การค้าส่ง ค้าปลีก และการซ่อมแซม	35 — 44 ปี	ชาย	อยู่กับเพื่อน / คู่รัก / แชร์ที่พัก	50,001 — 80,000 บาท	8	1 — 2 ชั่วโมง	บ่อยครั้ง	บ่อยครั้ง	บ่อยมาก	1 — 2 คน	น้อย	ยาก	ไม่เลย	ไม่เลย	ไม่เลย	ส่วนใหญ่	ตลอด	ไม่เคย	บางครั้ง	บางครั้ง	บางครั้ง	บางครั้ง	บางครั้ง
10/4/2026, 16:21:40	สุขภาพและกิจกรรมทางสังคม	18 — 24 ปี	ชาย	อยู่กับเพื่อน / คู่รัก / แชร์ที่พัก	50,001 — 80,000 บาท	8	1 — 2 ชั่วโมง	น้อย	น้อย	น้อย	1 — 2 คน	น้อย	ยาก	ไม่เลย	ไม่เลย	ไม่เลย	ตลอดเวลา	ตลอด	ไม่เคย	ส่วนใหญ่ของเวลา	ส่วนใหญ่ของเวลา	ส่วนใหญ่ของเวลา	ส่วนใหญ่ของเวลา	ส่วนใหญ่ของเวลา
10/4/2026, 16:29:26	ที่พักแรมและบริการด้านอาหาร	25 — 34 ปี	ชาย	อยู่คนเดียว	20,001 — 30,000 บาท	6	1 — 2 ชั่วโมง	น้อย	น้อย	น้อย	1 — 2 คน	น้อย	ยาก	ไม่เลย	ไม่เลย	ไม่เลย	ตลอดเวลา	ตลอด	ไม่เคย	ส่วนใหญ่ของเวลา	ส่วนใหญ่ของเวลา	ส่วนใหญ่ของเวลา	ส่วนใหญ่ของเวลา	ส่วนใหญ่ของเวลา
11/4/2026, 7:50:44	สุขภาพและกิจกรรมทางสังคม	25 — 34 ปี	หญิง	อยู่กับครอบครัว / ผู้ปกครอง	50,001 — 80,000 บาท	8	1 — 2 ชั่วโมง	น้อย	น้อย	น้อย	1 — 2 คน	น้อย	ยาก	ไม่เลย	ไม่เลย	ไม่เลย	ตลอดเวลา	ตลอด	ไม่เคย	ส่วนใหญ่ของเวลา	ส่วนใหญ่ของเวลา	ส่วนใหญ่ของเวลา	ส่วนใหญ่ของเวลา	ส่วนใหญ่ของเวลา
11/4/2026, 7:59:38	การขนส่งและคลังสินค้า	มากกว่า 45 ปี																						
11/4/2026, 8:20:14	การเงินและประกันภัย	25 — 34 ปี	ชาย	อยู่กับครอบครัว / ผู้ปกครอง	50,001 — 80,000 บาท	7	2 — 4 ชั่วโมง	บ่อยมาก	บ่อยมาก	บ่อยมาก	3 — 5 คน	น้อย	ยาก	น้อยมาก	ไม่เลย	น้อยมาก	ส่วนใหญ่	ตลอด	ไม่เคย	บางครั้ง	บางครั้ง	บางครั้ง	บางครั้ง	บางครั้ง
11/4/2026, 8:40:37	การศึกษา	35 — 44 ปี	หญิง	บ้านเช่า	30,001 — 50,000 บาท	7	1 — 2 ชั่วโมง	น้อย	น้อย	น้อย	1 — 2 คน	น้อย	เป็นไปได้	ไม่เลย	ไม่เลย	ไม่เลย	ส่วนใหญ่	ตลอด	ไม่เคย	ส่วนใหญ่ของเวลา	ส่วนใหญ่ของเวลา	มากกว่าครึ่งหนึ่งของเวลา	ส่วนใหญ่ของเวลา	ส่วนใหญ่ของเวลา
11/4/2026, 9:01:04	ที่พักแรมและบริการด้านอาหาร	18 — 24 ปี	ชาย	อยู่คนเดียว	30,001 — 50,000 บาท	4	2 — 4 ชั่วโมง	บ่อยครั้ง	บางครั้ง	น้อย	3 — 5 คน	น้อย	ยาก	ตลอดเวลา	ส่วนใหญ่	ส่วนใหญ่	น้อยมาก	ไม่เคย	ตลอด	ส่วนใหญ่ของเวลา	มากกว่าครึ่งหนึ่งของเวลา	ส่วนใหญ่ของเวลา	ส่วนใหญ่ของเวลา	มากกว่าครึ่งหนึ่งของเวลา
11/4/2026, 9:21:41	การขนส่งและคลังสินค้า	25 — 34 ปี	หญิง	อยู่กับเพื่อน / คู่รัก / แชร์ที่พัก	10,000 — 20,000 บาท	2	น้อยกว่า 1 ชั่วโมง	น้อย	น้อย	น้อย	1 — 2 คน	น้อย	ยาก	ส่วนใหญ่	บ้าง	ส่วนใหญ่	น้อยมาก	ไม่เคย	ตลอด	น้อยกว่าครึ่งหนึ่งของเวลา	น้อยกว่าครึ่งหนึ่งของเวลา	น้อยกว่าครึ่งหนึ่งของเวลา	น้อยกว่าครึ่งหนึ่งของเวลา	น้อยกว่าครึ่งหนึ่งของเวลา
11/4/2026, 9:42:25	การขนส่งและคลังสินค้า	25 — 34 ปี	หญิง	อยู่กับเพื่อน / คู่รัก / แชร์ที่พัก	50,001 — 80,000 บาท	7	2 — 4 ชั่วโมง	ไม่เคย	น้อย	น้อย	1 — 2 คน	น้อย	ยาก	น้อยมาก	น้อยมาก	ส่วนใหญ่	ส่วนใหญ่	ตลอด	ไม่เคย	ส่วนใหญ่ของเวลา	มากกว่าครึ่งหนึ่งของเวลา	ส่วนใหญ่ของเวลา	ส่วนใหญ่ของเวลา	ส่วนใหญ่ของเวลา
11/4/2026, 11:26:46	การค้าส่ง ค้าปลีก และการซ่อมแซม	25 — 34 ปี	ชาย	พักในที่ทำงาน	20,001 — 30,000 บาท	7	1 — 2 ชั่วโมง	น้อย	น้อย	น้อย	1 — 2 คน	น้อย	ยาก	ไม่เลย	ไม่เลย	ไม่เลย	ตลอดเวลา	ตลอด	ไม่เคย	ส่วนใหญ่ของเวลา	ส่วนใหญ่ของเวลา	มากกว่าครึ่งหนึ่งของเวลา	มากกว่าครึ่งหนึ่งของเวลา	ส่วนใหญ่ของเวลา
11/4/2026, 11:48:06	การค้าส่ง ค้าปลีก และการซ่อมแซม	18 — 24 ปี	หญิง	หอพัก	20,001 — 30,000 บาท	7	1 — 2 ชั่วโมง	น้อย	น้อย	น้อย	1 — 2 คน	น้อย	ยาก	ไม่เลย	ไม่เลย	ไม่เลย	ตลอดเวลา	ตลอด	ไม่เคย	ส่วนใหญ่ของเวลา	ส่วนใหญ่ของเวลา	มากกว่าครึ่งหนึ่งของเวลา	ส่วนใหญ่ของเวลา	ส่วนใหญ่ของเวลา
11/4/2026, 12:07:57	การค้าส่ง ค้าปลีก และการซ่อมแซม	18 — 24 ปี	ชาย	อยู่กับครอบครัว / ผู้ปกครอง	50,001 — 80,000 บาท	9	1 — 2 ชั่วโมง	ไม่เคย	ไม่เคย	น้อย	ไม่มี	น้อย	ยากมาก	ไม่เลย	ไม่เลย	ไม่เลย	ส่วนใหญ่	ตลอด	ไม่เคย	ตลอด	ส่วนใหญ่ของเวลา	ส่วนใหญ่ของเวลา	ส่วนใหญ่ของเวลา	ส่วนใหญ่ของเวลา
11/4/2026, 13:09:26	สุขภาพและกิจกรรมทางสังคม	25 — 34 ปี	หญิง	อยู่คนเดียว	30,001 — 50,000 บาท	6	2 — 4 ชั่วโมง	บ่อยครั้ง	บ่อยครั้ง	บ่อยมาก	1 — 2 คน	น้อย	ยาก	ไม่เลย	ไม่เลย	ไม่เลย	ตลอดเวลา	ตลอด	ไม่เคย	บางครั้ง	บางครั้ง	บางครั้ง	บางครั้ง	บางครั้ง
11/4/2026, 14:00:24	การบริหารราชการและรัฐวิสาหกิจ	น้อยกว่า 18 ปี																						
11/4/2026, 15:02:29	ที่พักแรมและบริการด้านอาหาร	35 — 44 ปี	หญิง	อยู่คนเดียว	50,001 — 80,000 บาท	8	1 — 2 ชั่วโมง	บ่อยครั้ง	บ่อยมาก	บ่อยครั้ง	1 — 2 คน	น้อย	ยาก	ไม่เลย	ไม่เลย	ไม่เลย	ส่วนใหญ่	ตลอด	ไม่เคย	บางครั้ง	บางครั้ง	บางครั้ง	บางครั้ง	บางครั้ง
11/4/2026, 15:28:43	การศึกษา	18 — 24 ปี	หญิง	อยู่กับครอบครัว / ผู้ปกครอง	30,001 — 50,000 บาท	8	2 — 4 ชั่วโมง	บ่อยครั้ง	บางครั้ง	บางครั้ง	3 — 5 คน	มากที่สุด	ยาก	น้อยมาก	บ้าง	บ้าง	ส่วนใหญ่	ตลอด	ไม่เคย	ตลอด	มากกว่าครึ่งหนึ่งของเวลา	ไม่เคยเลย	มากกว่าครึ่งหนึ่งของเวลา	น้อยกว่าครึ่งหนึ่งของเวลา
11/4/2026, 15:28:47	การสื่อสารและเทคโนโลยีสารสนเทศ	35 — 44 ปี	ชาย	อยู่กับครอบครัว / ผู้ปกครอง	30,001 — 50,000 บาท	5	4 — 6 ชั่วโมง	ไม่เคย	น้อย	ไม่เคย	3 — 5 คน	มาก	ยาก	บ้าง	บ้าง	ไม่เลย	ส่วนใหญ่	ตลอด	ไม่เคย	ตลอด	น้อยกว่าครึ่งหนึ่งของเวลา	ตลอด	มากกว่าครึ่งหนึ่งของเวลา	มากกว่าครึ่งหนึ่งของเวลา
11/4/2026, 15:49:43	ที่พักแรมและบริการด้านอาหาร	18 — 24 ปี	ชาย	อยู่กับครอบครัว / ผู้ปกครอง	20,001 — 30,000 บาท	7	มากกว่า 6 ชั่วโมง	บ่อยครั้ง	น้อย	บางครั้ง	3 — 5 คน	มาก	ยาก	ตลอดเวลา	บ้าง	น้อยมาก	น้อยมาก	ไม่เคย	ตลอด	บางครั้ง	ตลอด	ตลอด	มากกว่าครึ่งหนึ่งของเวลา	ส่วนใหญ่ของเวลา
11/4/2026, 15:49:57	การสื่อสารและเทคโนโลยีสารสนเทศ	35 — 44 ปี	หญิง	อยู่คนเดียว	50,001 — 80,000 บาท	9	4 — 6 ชั่วโมง	บางครั้ง	บางครั้ง	บางครั้ง	3 — 5 คน	มาก	ยาก	ไม่เลย	น้อยมาก	บ้าง	ตลอดเวลา	ตลอด	ไม่เคย	ตลอด	ตลอด	ตลอด	ตลอด	ตลอด
11/4/2026, 16:10:25	การขนส่งและคลังสินค้า	18 — 24 ปี	ชาย	อยู่กับครอบครัว / ผู้ปกครอง	80,001 — 150,000 บาท	8	1 — 2 ชั่วโมง	น้อย	น้อย	บ่อยครั้ง	มากกว่า 5 คน	น้อย	ง่ายมาก	ไม่เลย	ไม่เลย	ไม่เลย	ตลอดเวลา	ตลอด	ไม่เคย	ส่วนใหญ่ของเวลา	ตลอด	น้อยกว่าครึ่งหนึ่งของเวลา	มากกว่าครึ่งหนึ่งของเวลา	น้อยกว่าครึ่งหนึ่งของเวลา
11/4/2026, 16:10:40	การสื่อสารและเทคโนโลยีสารสนเทศ	25 — 34 ปี	ชาย	อยู่กับเพื่อน / คู่รัก / แชร์ที่พัก	80,001 — 150,000 บาท	8	4 — 6 ชั่วโมง	บ่อยครั้ง	บ่อยมาก	บางครั้ง	3 — 5 คน	ไม่มีเลย	ง่ายมาก	ส่วนใหญ่	น้อยมาก	บ้าง	ไม่เลย	ไม่เคย	ตลอด	ส่วนใหญ่ของเวลา	ตลอด	ตลอด	มากกว่าครึ่งหนึ่งของเวลา	มากกว่าครึ่งหนึ่งของเวลา
11/4/2026, 16:30:55	การสื่อสารและเทคโนโลยีสารสนเทศ	25 — 34 ปี	ชาย	อยู่คนเดียว	50,001 — 80,000 บาท	7	น้อยกว่า 1 ชั่วโมง	บางครั้ง	ไม่เคย	บางครั้ง	มากกว่า 5 คน	มาก	ยาก	น้อยมาก	ไม่เลย	ไม่เลย	ส่วนใหญ่	ตลอด	ไม่เคย	น้อยกว่าครึ่งหนึ่งของเวลา	ส่วนใหญ่ของเวลา	น้อยกว่าครึ่งหนึ่งของเวลา	มากกว่าครึ่งหนึ่งของเวลา	ตลอด
11/4/2026, 16:31:10	การค้าส่ง ค้าปลีก และการซ่อมแซม	18 — 24 ปี	หญิง	อยู่กับครอบครัว / ผู้ปกครอง	น้อยกว่า 10,000 บาท	5	4 — 6 ชั่วโมง	น้อย	น้อย	ไม่เคย	1 — 2 คน	มาก	ง่าย	ส่วนใหญ่	บ้าง	ส่วนใหญ่	ไม่เลย	ไม่เคย	ตลอด	มากกว่าครึ่งหนึ่งของเวลา	ส่วนใหญ่ของเวลา	ตลอด	บางครั้ง	มากกว่าครึ่งหนึ่งของเวลา
11/4/2026, 16:49:57	สุขภาพและกิจกรรมทางสังคม	25 — 34 ปี	หญิง	อยู่กับเพื่อน / คู่รัก / แชร์ที่พัก	30,001 — 50,000 บาท	6	4 — 6 ชั่วโมง	บ่อยครั้ง	ไม่เคย	ไม่เคย	1 — 2 คน	น้อย	ยาก	ไม่เลย	ไม่เลย	ไม่เลย	ส่วนใหญ่	ตลอด	ไม่เคย	น้อยกว่าครึ่งหนึ่งของเวลา	ส่วนใหญ่ของเวลา	มากกว่าครึ่งหนึ่งของเวลา	ส่วนใหญ่ของเวลา	ตลอด
11/4/2026, 16:51:08	ที่พักแรมและบริการด้านอาหาร	25 — 34 ปี	ชาย	อยู่กับเพื่อน / คู่รัก / แชร์ที่พัก	น้อยกว่า 10,000 บาท	4	มากกว่า 6 ชั่วโมง	น้อย	บางครั้ง	น้อย	ไม่มี	น้อย	เป็นไปได้	บ้าง	บ้าง	บ้าง	ส่วนใหญ่	ตลอด	ไม่เคย	ไม่เคยเลย	บางครั้ง	ไม่เคยเลย	มากกว่าครึ่งหนึ่งของเวลา	บางครั้ง
11/4/2026, 16:52:23	อุตสาหกรรมการผลิตและโรงงาน	25 — 34 ปี	ชาย	อยู่คนเดียว	50,001 — 80,000 บาท	8	1 — 2 ชั่วโมง	น้อย	บ่อยมาก	น้อย	ไม่มี	น้อย	เป็นไปได้	ไม่เลย	บ้าง	ส่วนใหญ่	ส่วนใหญ่	ตลอด	ไม่เคย	ส่วนใหญ่ของเวลา	ตลอด	ตลอด	ส่วนใหญ่ของเวลา	น้อยกว่าครึ่งหนึ่งของเวลา
11/4/2026, 17:11:28	การค้าส่ง ค้าปลีก และการซ่อมแซม	25 — 34 ปี	ชาย	อยู่กับเพื่อน / คู่รัก / แชร์ที่พัก	20,001 — 30,000 บาท	6	มากกว่า 6 ชั่วโมง	บ่อยมาก	บ่อยมาก	บ่อยครั้ง	3 — 5 คน	น้อย	ยาก	น้อยมาก	น้อยมาก	บ้าง	ตลอดเวลา	ตลอด	ไม่เคย	ตลอด	น้อยกว่าครึ่งหนึ่งของเวลา	บางครั้ง	ตลอด	ตลอด
11/4/2026, 17:12:52	การสื่อสารและเทคโนโลยีสารสนเทศ	25 — 34 ปี	หญิง	อยู่คนเดียว	50,001 — 80,000 บาท	10	2 — 4 ชั่วโมง	บ่อยครั้ง	บ่อยครั้ง	บ่อยมาก	3 — 5 คน	น้อย	ง่าย	บ้าง	ไม่เลย	ไม่เลย	ตลอดเวลา	ตลอด	ไม่เคย	ตลอด	ตลอด	ตลอด	ตลอด	ตลอด
11/4/2026, 17:13:11	การศึกษา	35 — 44 ปี	หญิง	อยู่กับครอบครัว / ผู้ปกครอง	80,001 — 150,000 บาท	10	มากกว่า 6 ชั่วโมง	บ่อยมาก	บ่อยครั้ง	บ่อยมาก	1 — 2 คน	ไม่มีเลย	ยาก	ไม่เลย	น้อยมาก	ไม่เลย	ตลอดเวลา	ตลอด	ไม่เคย	ตลอด	ตลอด	ตลอด	ตลอด	ตลอด
11/4/2026, 17:33:02	การศึกษา	35 — 44 ปี	ชาย	บ้านเช่า	30,001 — 50,000 บาท	3	น้อยกว่า 1 ชั่วโมง	ไม่เคย	น้อย	ไม่เคย	1 — 2 คน	น้อย	ยาก	ส่วนใหญ่	บ้าง	ส่วนใหญ่	ไม่เลย	ไม่เคย	ตลอด	น้อยกว่าครึ่งหนึ่งของเวลา	ไม่เคยเลย	น้อยกว่าครึ่งหนึ่งของเวลา	ส่วนใหญ่ของเวลา	ไม่เคยเลย
11/4/2026, 17:53:18	การสื่อสารและเทคโนโลยีสารสนเทศ	35 — 44 ปี	หญิง	อยู่คนเดียว	30,001 — 50,000 บาท	8	1 — 2 ชั่วโมง	บางครั้ง	ไม่เคย	น้อย	3 — 5 คน	มาก	ง่าย	บ้าง	ส่วนใหญ่	ไม่เลย	ตลอดเวลา	ตลอด	ไม่เคย	ไม่เคยเลย	บางครั้ง	ไม่เคยเลย	มากกว่าครึ่งหนึ่งของเวลา	น้อยกว่าครึ่งหนึ่งของเวลา
11/4/2026, 18:13:41	การสื่อสารและเทคโนโลยีสารสนเทศ	25 — 34 ปี	ชาย	อยู่กับเพื่อน / คู่รัก / แชร์ที่พัก	30,001 — 50,000 บาท	5	2 — 4 ชั่วโมง	บางครั้ง	น้อย	บ่อยครั้ง	1 — 2 คน	น้อย	ง่ายมาก	น้อยมาก	ตลอดเวลา	ตลอดเวลา	ส่วนใหญ่	ตลอด	ไม่เคย	ตลอด	ส่วนใหญ่ของเวลา	บางครั้ง	ตลอด	มากกว่าครึ่งหนึ่งของเวลา
11/4/2026, 18:14:33	การบริหารราชการและรัฐวิสาหกิจ	35 — 44 ปี	ชาย	อยู่กับครอบครัว / ผู้ปกครอง	80,001 — 150,000 บาท	10	น้อยกว่า 1 ชั่วโมง	น้อย	น้อย	น้อย	มากกว่า 5 คน	น้อย	ง่าย	ไม่เลย	น้อยมาก	ไม่เลย	ส่วนใหญ่	ตลอด	ไม่เคย	ตลอด	ตลอด	ตลอด	มากกว่าครึ่งหนึ่งของเวลา	ตลอด
11/4/2026, 18:34:28	การศึกษา	25 — 34 ปี	หญิง	อยู่กับครอบครัว / ผู้ปกครอง	80,001 — 150,000 บาท	4	2 — 4 ชั่วโมง	บ่อยครั้ง	บ่อยมาก	บ่อยครั้ง	ไม่มี	ไม่มีเลย	ยากมาก	ไม่เลย	ไม่เลย	ไม่เลย	ตลอดเวลา	ตลอด	ไม่เคย	มากกว่าครึ่งหนึ่งของเวลา	ส่วนใหญ่ของเวลา	ตลอด	ส่วนใหญ่ของเวลา	น้อยกว่าครึ่งหนึ่งของเวลา
11/4/2026, 18:35:34	ที่พักแรมและบริการด้านอาหาร	35 — 44 ปี	หญิง	อยู่กับเพื่อน / คู่รัก / แชร์ที่พัก	50,001 — 80,000 บาท	6	1 — 2 ชั่วโมง	บ่อยมาก	บ่อยครั้ง	บ่อยมาก	3 — 5 คน	มาก	ยาก	น้อยมาก	ไม่เลย	บ้าง	ตลอดเวลา	ตลอด	ไม่เคย	น้อยกว่าครึ่งหนึ่งของเวลา	น้อยกว่าครึ่งหนึ่งของเวลา	ไม่เคยเลย	บางครั้ง	มากกว่าครึ่งหนึ่งของเวลา
11/4/2026, 18:56:35	การขนส่งและคลังสินค้า	25 — 34 ปี	หญิง	อยู่กับเพื่อน / คู่รัก / แชร์ที่พัก	30,001 — 50,000 บาท	3	มากกว่า 6 ชั่วโมง	บ่อยครั้ง	น้อย	บางครั้ง	3 — 5 คน	มากที่สุด	เป็นไปได้	ส่วนใหญ่	บ้าง	น้อยมาก	น้อยมาก	ไม่เคย	ตลอด	น้อยกว่าครึ่งหนึ่งของเวลา	ส่วนใหญ่ของเวลา	น้อยกว่าครึ่งหนึ่งของเวลา	มากกว่าครึ่งหนึ่งของเวลา	บางครั้ง
11/4/2026, 18:57:59	สุขภาพและกิจกรรมทางสังคม	35 — 44 ปี	หญิง	อยู่คนเดียว	มากกว่า 150,000 บาท	9	2 — 4 ชั่วโมง	บ่อยครั้ง	น้อย	บางครั้ง	1 — 2 คน	ไม่มีเลย	ง่ายมาก	น้อยมาก	น้อยมาก	น้อยมาก	ตลอดเวลา	ตลอด	ไม่เคย	ส่วนใหญ่ของเวลา	ตลอด	ตลอด	ตลอด	ตลอด
11/4/2026, 19:17:22	การสื่อสารและเทคโนโลยีสารสนเทศ	25 — 34 ปี	ชาย	อยู่กับเพื่อน / คู่รัก / แชร์ที่พัก	80,001 — 150,000 บาท	5	4 — 6 ชั่วโมง	บางครั้ง	ไม่เคย	บางครั้ง	ไม่มี	น้อย	เป็นไปได้	บ้าง	น้อยมาก	ตลอดเวลา	ตลอดเวลา	ตลอด	ไม่เคย	บางครั้ง	มากกว่าครึ่งหนึ่งของเวลา	น้อยกว่าครึ่งหนึ่งของเวลา	บางครั้ง	บางครั้ง
11/4/2026, 19:18:54	การค้าส่ง ค้าปลีก และการซ่อมแซม	35 — 44 ปี	หญิง	อยู่คนเดียว	30,001 — 50,000 บาท	6	4 — 6 ชั่วโมง	ไม่เคย	บางครั้ง	ไม่เคย	1 — 2 คน	มาก	ง่าย	ไม่เลย	น้อยมาก	บ้าง	ส่วนใหญ่	ตลอด	ไม่เคย	ส่วนใหญ่ของเวลา	บางครั้ง	มากกว่าครึ่งหนึ่งของเวลา	น้อยกว่าครึ่งหนึ่งของเวลา	ส่วนใหญ่ของเวลา
11/4/2026, 19:38:18	สุขภาพและกิจกรรมทางสังคม	35 — 44 ปี	หญิง	อยู่กับเพื่อน / คู่รัก / แชร์ที่พัก	50,001 — 80,000 บาท	10	น้อยกว่า 1 ชั่วโมง	น้อย	บ่อยครั้ง	น้อย	มากกว่า 5 คน	มากที่สุด	ง่ายมาก	บ้าง	บ้าง	น้อยมาก	ส่วนใหญ่	ตลอด	ไม่เคย	ตลอด	ตลอด	ตลอด	ตลอด	ตลอด
11/4/2026, 19:38:46	การเกษตรกรรม ป่าไม้ และประมง	35 — 44 ปี	ชาย	อยู่กับครอบครัว / ผู้ปกครอง	30,001 — 50,000 บาท	7	2 — 4 ชั่วโมง	บ่อยครั้ง	บ่อยครั้ง	บ่อยมาก	3 — 5 คน	มาก	ง่ายมาก	น้อยมาก	น้อยมาก	ส่วนใหญ่	ตลอดเวลา	ตลอด	ไม่เคย	ส่วนใหญ่ของเวลา	ตลอด	บางครั้ง	น้อยกว่าครึ่งหนึ่งของเวลา	มากกว่าครึ่งหนึ่งของเวลา
11/4/2026, 19:39:47	การศึกษา	25 — 34 ปี	หญิง	อยู่กับเพื่อน / คู่รัก / แชร์ที่พัก	80,001 — 150,000 บาท	6	2 — 4 ชั่วโมง	บ่อยมาก	บ่อยครั้ง	บ่อยครั้ง	3 — 5 คน	มาก	ยากมาก	ส่วนใหญ่	ไม่เลย	บ้าง	น้อยมาก	ไม่เคย	ตลอด	ตลอด	มากกว่าครึ่งหนึ่งของเวลา	ส่วนใหญ่ของเวลา	มากกว่าครึ่งหนึ่งของเวลา	มากกว่าครึ่งหนึ่งของเวลา
11/4/2026, 19:59:14	การค้าส่ง ค้าปลีก และการซ่อมแซม	18 — 24 ปี	ชาย	อยู่กับเพื่อน / คู่รัก / แชร์ที่พัก	10,000 — 20,000 บาท	3	4 — 6 ชั่วโมง	บ่อยมาก	บ่อยมาก	บางครั้ง	มากกว่า 5 คน	มาก	ง่าย	น้อยมาก	ไม่เลย	น้อยมาก	ตลอดเวลา	ตลอด	ไม่เคย	ไม่เคยเลย	บางครั้ง	ไม่เคยเลย	ไม่เคยเลย	บางครั้ง
11/4/2026, 20:20:32	การสื่อสารและเทคโนโลยีสารสนเทศ	35 — 44 ปี	ชาย	อยู่กับครอบครัว / ผู้ปกครอง	20,001 — 30,000 บาท	3	4 — 6 ชั่วโมง	บ่อยครั้ง	บ่อยมาก	บ่อยครั้ง	3 — 5 คน	มาก	ง่ายมาก	บ้าง	น้อยมาก	น้อยมาก	ส่วนใหญ่	ตลอด	ไม่เคย	บางครั้ง	บางครั้ง	น้อยกว่าครึ่งหนึ่งของเวลา	ไม่เคยเลย	มากกว่าครึ่งหนึ่งของเวลา
11/4/2026, 20:42:45	การขนส่งและคลังสินค้า	18 — 24 ปี	ชาย	อยู่กับครอบครัว / ผู้ปกครอง	50,001 — 80,000 บาท	9	มากกว่า 6 ชั่วโมง	บ่อยครั้ง	บางครั้ง	บ่อยครั้ง	ไม่มี	น้อย	ยาก	บ้าง	ไม่เลย	น้อยมาก	ตลอดเวลา	ตลอด	ไม่เคย	มากกว่าครึ่งหนึ่งของเวลา	ตลอด	มากกว่าครึ่งหนึ่งของเวลา	มากกว่าครึ่งหนึ่งของเวลา	มากกว่าครึ่งหนึ่งของเวลา